INSERT INTO account.service_regions (id, created_at, updated_at, created_by, updated_by, aws_code, code, name)
VALUES (10000000000, NOW(), NOW(), 0, 0, 'ap-northeast-2', 'KR', 'Asia Pacific (Seoul)'),
       (10000000001, NOW(), NOW(), 0, 0, 'us-east-1', 'US', '미국 동부(버지니아 북부)'),
       (10000000002, NOW(), NOW(), 0, 0, 'eu-central-1', 'EU', 'Europe (Frankfurt)');

INSERT INTO account.service_region_locale_mappings (id, created_at, updated_at, created_by, updated_by, code, continent,
                                                    intermediate_continent, name, service_region_id, sub_continent,
                                                    country_calling_code)
VALUES (10000000000, NOW(), NOW(), 0, 0, 'AF', 'Asia', '',
        'Afghanistan', 10000000002, 'Southern Asia', 93),
       (10000000001, NOW(), NOW(), 0, 0, 'AX', 'Europe', '',
        'Åland Islands', 10000000000, 'Northern Europe', 358),
       (10000000002, NOW(), NOW(), 0, 0, 'AL', 'Europe', '', 'Albania',
        10000000002, 'Southern Europe', 355),
       (10000000003, NOW(), NOW(), 0, 0, 'DZ', 'Africa', '', 'Algeria',
        10000000002, 'Northern Africa', 213),
       (10000000004, NOW(), NOW(), 0, 0, 'AS', 'Oceania', '',
        'American Samoa', 10000000000, 'Polynesia', 1684),
       (10000000005, NOW(), NOW(), 0, 0, 'AD', 'Europe', '', 'Andorra',
        10000000002, 'Southern Europe', 376),
       (10000000006, NOW(), NOW(), 0, 0, 'AO', 'Africa',
        'Middle Africa', 'Angola', 10000000002, 'Sub-Saharan Africa', 244),
       (10000000007, NOW(), NOW(), 0, 0, 'AI', 'Americas', 'Caribbean',
        'Anguilla', 10000000001, 'Latin America and the Caribbean', 1264),
       (10000000008, NOW(), NOW(), 0, 0, 'AG', 'Americas', 'Caribbean',
        'Antigua and Barbuda', 10000000001, 'Latin America and the Caribbean', 1268),
       (10000000009, NOW(), NOW(), 0, 0, 'AR', 'Americas',
        'South America', 'Argentina', 10000000001, 'Latin America and the Caribbean', 54),
       (10000000010, NOW(), NOW(), 0, 0, 'AM', 'Asia', '', 'Armenia',
        10000000002, 'Western Asia', 374),
       (10000000011, NOW(), NOW(), 0, 0, 'AW', 'Americas', 'Caribbean',
        'Aruba', 10000000001, 'Latin America and the Caribbean', 297),
       (10000000012, NOW(), NOW(), 0, 0, 'AU', 'Oceania', '',
        'Australia', 10000000000, 'Australia and New Zealand', 61),
       (10000000013, NOW(), NOW(), 0, 0, 'AT', 'Europe', '', 'Austria',
        10000000002, 'Western Europe', 43),
       (10000000014, NOW(), NOW(), 0, 0, 'AZ', 'Asia', '',
        'Azerbaijan', 10000000002, 'Western Asia', 994),
       (10000000015, NOW(), NOW(), 0, 0, 'BS', 'Americas', 'Caribbean',
        'Bahamas', 10000000001, 'Latin America and the Caribbean', 1242),
       (10000000016, NOW(), NOW(), 0, 0, 'BH', 'Asia', '', 'Bahrain',
        10000000002, 'Western Asia', 973),
       (10000000017, NOW(), NOW(), 0, 0, 'BD', 'Asia', '',
        'Bangladesh', 10000000000, 'Southern Asia', 880),
       (10000000018, NOW(), NOW(), 0, 0, 'BB', 'Americas', 'Caribbean',
        'Barbados', 10000000001, 'Latin America and the Caribbean', 1246),
       (10000000019, NOW(), NOW(), 0, 0, 'BY', 'Europe', '', 'Belarus',
        10000000002, 'Eastern Europe', 375),
       (10000000020, NOW(), NOW(), 0, 0, 'BE', 'Europe', '', 'Belgium',
        10000000002, 'Western Europe', 32),
       (10000000021, NOW(), NOW(), 0, 0, 'BZ', 'Americas',
        'Central America', 'Belize', 10000000001, 'Latin America and the Caribbean', 501),
       (10000000022, NOW(), NOW(), 0, 0, 'BJ', 'Africa',
        'Western Africa', 'Benin', 10000000002, 'Sub-Saharan Africa', 229),
       (10000000023, NOW(), NOW(), 0, 0, 'BM', 'Americas', '',
        'Bermuda', 10000000001, 'Northern America', 1441),
       (10000000024, NOW(), NOW(), 0, 0, 'BT', 'Asia', '', 'Bhutan',
        10000000000, 'Southern Asia', 975),
       (10000000025, NOW(), NOW(), 0, 0, 'BO', 'Americas',
        'South America', 'Bolivia (Plurinational State of)', 10000000001, 'Latin America and the Caribbean', 591),
       (10000000026, NOW(), NOW(), 0, 0, 'BQ', 'Americas', 'Caribbean',
        'Bonaire, Sint Eustatius and Saba', 10000000001, 'Latin America and the Caribbean', 599),
       (10000000027, NOW(), NOW(), 0, 0, 'BA', 'Europe', '',
        'Bosnia and Herzegovina', 10000000002, 'Southern Europe', 387),
       (10000000028, NOW(), NOW(), 0, 0, 'BW', 'Africa',
        'Southern Africa', 'Botswana', 10000000002, 'Sub-Saharan Africa', 267),
       (10000000029, NOW(), NOW(), 0, 0, 'BV', 'Americas',
        'South America', 'Bouvet Island', 10000000001, 'Latin America and the Caribbean', 47),
       (10000000030, NOW(), NOW(), 0, 0, 'BR', 'Americas',
        'South America', 'Brazil', 10000000001, 'Latin America and the Caribbean', 55),
       (10000000031, NOW(), NOW(), 0, 0, 'IO', 'Africa',
        'Eastern Africa', 'British Indian Ocean Territory', 10000000002, 'Sub-Saharan Africa', 246),
       (10000000032, NOW(), NOW(), 0, 0, 'BN', 'Asia', '',
        'Brunei Darussalam', 10000000000, 'South-eastern Asia', 673),
       (10000000033, NOW(), NOW(), 0, 0, 'BG', 'Europe', '',
        'Bulgaria', 10000000002, 'Eastern Europe', 359),
       (10000000034, NOW(), NOW(), 0, 0, 'BF', 'Africa',
        'Western Africa', 'Burkina Faso', 10000000002, 'Sub-Saharan Africa', 226),
       (10000000035, NOW(), NOW(), 0, 0, 'BI', 'Africa',
        'Eastern Africa', 'Burundi', 10000000002, 'Sub-Saharan Africa', 257),
       (10000000036, NOW(), NOW(), 0, 0, 'CV', 'Africa',
        'Western Africa', 'Cabo Verde', 10000000002, 'Sub-Saharan Africa', 238),
       (10000000037, NOW(), NOW(), 0, 0, 'KH', 'Asia', '', 'Cambodia',
        10000000000, 'South-eastern Asia', 855),
       (10000000038, NOW(), NOW(), 0, 0, 'CM', 'Africa',
        'Middle Africa', 'Cameroon', 10000000002, 'Sub-Saharan Africa', 237),
       (10000000039, NOW(), NOW(), 0, 0, 'CA', 'Americas', '',
        'Canada', 10000000001, 'Northern America', 1),
       (10000000040, NOW(), NOW(), 0, 0, 'KY', 'Americas', 'Caribbean',
        'Cayman Islands', 10000000001, 'Latin America and the Caribbean', 1345),
       (10000000041, NOW(), NOW(), 0, 0, 'CF', 'Africa',
        'Middle Africa', 'Central African Republic', 10000000002, 'Sub-Saharan Africa', 236),
       (10000000042, NOW(), NOW(), 0, 0, 'TD', 'Africa',
        'Middle Africa', 'Chad', 10000000002, 'Sub-Saharan Africa', 235),
       (10000000043, NOW(), NOW(), 0, 0, 'CL', 'Americas',
        'South America', 'Chile', 10000000001, 'Latin America and the Caribbean', 56),
       (10000000044, NOW(), NOW(), 0, 0, 'CN', 'Asia', '', 'China',
        10000000000, 'Eastern Asia', 86),
       (10000000045, NOW(), NOW(), 0, 0, 'CX', 'Oceania', '',
        'Christmas Island', 10000000000, 'Australia and New Zealand', 61),
       (10000000046, NOW(), NOW(), 0, 0, 'CC', 'Oceania', '',
        'Cocos (Keeling) Islands', 10000000000, 'Australia and New Zealand', 61),
       (10000000047, NOW(), NOW(), 0, 0, 'CO', 'Americas',
        'South America', 'Colombia', 10000000001, 'Latin America and the Caribbean', 57),
       (10000000048, NOW(), NOW(), 0, 0, 'KM', 'Africa',
        'Eastern Africa', 'Comoros', 10000000002, 'Sub-Saharan Africa', 269),
       (10000000049, NOW(), NOW(), 0, 0, 'CG', 'Africa',
        'Middle Africa', 'Congo', 10000000002, 'Sub-Saharan Africa', 242),
       (10000000050, NOW(), NOW(), 0, 0, 'CD', 'Africa',
        'Middle Africa', 'Congo, Democratic Republic of the', 10000000002, 'Sub-Saharan Africa', 243),
       (10000000051, NOW(), NOW(), 0, 0, 'CK', 'Oceania', '',
        'Cook Islands', 10000000000, 'Polynesia', 682),
       (10000000052, NOW(), NOW(), 0, 0, 'CR', 'Americas',
        'Central America', 'Costa Rica', 10000000001, 'Latin America and the Caribbean', 506),
       (10000000053, NOW(), NOW(), 0, 0, 'CI', 'Africa',
        'Western Africa', 'Côte d Ivoire', 10000000002, 'Sub-Saharan Africa', 225),
       (10000000054, NOW(), NOW(), 0, 0, 'HR', 'Europe', '', 'Croatia',
        10000000002, 'Southern Europe', 385),
       (10000000055, NOW(), NOW(), 0, 0, 'CU', 'Americas', 'Caribbean',
        'Cuba', 10000000001, 'Latin America and the Caribbean', 53),
       (10000000056, NOW(), NOW(), 0, 0, 'CW', 'Americas', 'Caribbean',
        'Curaçao', 10000000001, 'Latin America and the Caribbean', 599),
       (10000000057, NOW(), NOW(), 0, 0, 'CY', 'Asia', '', 'Cyprus',
        10000000002, 'Western Asia', 357),
       (10000000058, NOW(), NOW(), 0, 0, 'CZ', 'Europe', '', 'Czechia',
        10000000002, 'Eastern Europe', 420),
       (10000000059, NOW(), NOW(), 0, 0, 'DK', 'Europe', '', 'Denmark',
        10000000002, 'Northern Europe', 45),
       (10000000060, NOW(), NOW(), 0, 0, 'DJ', 'Africa',
        'Eastern Africa', 'Djibouti', 10000000002, 'Sub-Saharan Africa', 253),
       (10000000061, NOW(), NOW(), 0, 0, 'DM', 'Americas', 'Caribbean',
        'Dominica', 10000000001, 'Latin America and the Caribbean', 1767),
       (10000000062, NOW(), NOW(), 0, 0, 'DO', 'Americas', 'Caribbean',
        'Dominican Republic', 10000000001, 'Latin America and the Caribbean', 1809),
       (10000000063, NOW(), NOW(), 0, 0, 'EC', 'Americas',
        'South America', 'Ecuador', 10000000001, 'Latin America and the Caribbean', 593),
       (10000000064, NOW(), NOW(), 0, 0, 'EG', 'Africa', '', 'Egypt',
        10000000002, 'Northern Africa', 20),
       (10000000065, NOW(), NOW(), 0, 0, 'SV', 'Americas',
        'Central America', 'El Salvador', 10000000001, 'Latin America and the Caribbean', 503),
       (10000000066, NOW(), NOW(), 0, 0, 'GQ', 'Africa',
        'Middle Africa', 'Equatorial Guinea', 10000000002, 'Sub-Saharan Africa', 240),
       (10000000067, NOW(), NOW(), 0, 0, 'ER', 'Africa',
        'Eastern Africa', 'Eritrea', 10000000002, 'Sub-Saharan Africa', 291),
       (10000000068, NOW(), NOW(), 0, 0, 'EE', 'Europe', '', 'Estonia',
        10000000002, 'Northern Europe', 372),
       (10000000069, NOW(), NOW(), 0, 0, 'SZ', 'Africa',
        'Southern Africa', 'Eswatini', 10000000002, 'Sub-Saharan Africa', 268),
       (10000000070, NOW(), NOW(), 0, 0, 'ET', 'Africa',
        'Eastern Africa', 'Ethiopia', 10000000002, 'Sub-Saharan Africa', 251),
       (10000000071, NOW(), NOW(), 0, 0, 'FK', 'Americas',
        'South America', 'Falkland Islands (Malvinas)', 10000000001, 'Latin America and the Caribbean', 500),
       (10000000072, NOW(), NOW(), 0, 0, 'FO', 'Europe', '',
        'Faroe Islands', 10000000002, 'Northern Europe', 298),
       (10000000073, NOW(), NOW(), 0, 0, 'FJ', 'Oceania', '', 'Fiji',
        10000000000, 'Melanesia', 679),
       (10000000074, NOW(), NOW(), 0, 0, 'FI', 'Europe', '', 'Finland',
        10000000002, 'Northern Europe', 358),
       (10000000075, NOW(), NOW(), 0, 0, 'FR', 'Europe', '', 'France',
        10000000002, 'Western Europe', 33),
       (10000000076, NOW(), NOW(), 0, 0, 'GF', 'Americas',
        'South America', 'French Guiana', 10000000001, 'Latin America and the Caribbean', 594),
       (10000000077, NOW(), NOW(), 0, 0, 'PF', 'Oceania', '',
        'French Polynesia', 10000000000, 'Polynesia', 689),
       (10000000078, NOW(), NOW(), 0, 0, 'TF', 'Africa',
        'Eastern Africa', 'French Southern Territories', 10000000002, 'Sub-Saharan Africa', 262),
       (10000000079, NOW(), NOW(), 0, 0, 'GA', 'Africa',
        'Middle Africa', 'Gabon', 10000000002, 'Sub-Saharan Africa', 241),
       (10000000080, NOW(), NOW(), 0, 0, 'GM', 'Africa',
        'Western Africa', 'Gambia', 10000000002, 'Sub-Saharan Africa', 220),
       (10000000081, NOW(), NOW(), 0, 0, 'GE', 'Asia', '', 'Georgia',
        10000000002, 'Western Asia', 995),
       (10000000082, NOW(), NOW(), 0, 0, 'DE', 'Europe', '', 'Germany',
        10000000002, 'Western Europe', 49),
       (10000000083, NOW(), NOW(), 0, 0, 'GH', 'Africa',
        'Western Africa', 'Ghana', 10000000002, 'Sub-Saharan Africa', 233),
       (10000000084, NOW(), NOW(), 0, 0, 'GI', 'Europe', '',
        'Gibraltar', 10000000002, 'Southern Europe', 350),
       (10000000085, NOW(), NOW(), 0, 0, 'GR', 'Europe', '', 'Greece',
        10000000002, 'Southern Europe', 30),
       (10000000086, NOW(), NOW(), 0, 0, 'GL', 'Americas', '',
        'Greenland', 10000000001, 'Northern America', 299),
       (10000000087, NOW(), NOW(), 0, 0, 'GD', 'Americas', 'Caribbean',
        'Grenada', 10000000001, 'Latin America and the Caribbean', 1473),
       (10000000088, NOW(), NOW(), 0, 0, 'GP', 'Americas', 'Caribbean',
        'Guadeloupe', 10000000001, 'Latin America and the Caribbean', 590),
       (10000000089, NOW(), NOW(), 0, 0, 'GU', 'Oceania', '', 'Guam',
        10000000000, 'Micronesia', 1671),
       (10000000090, NOW(), NOW(), 0, 0, 'GT', 'Americas',
        'Central America', 'Guatemala', 10000000001, 'Latin America and the Caribbean', 502),
       (10000000091, NOW(), NOW(), 0, 0, 'GG', 'Europe',
        'Channel Islands', 'Guernsey', 10000000002, 'Northern Europe', 44),
       (10000000092, NOW(), NOW(), 0, 0, 'GN', 'Africa',
        'Western Africa', 'Guinea', 10000000002, 'Sub-Saharan Africa', 224),
       (10000000093, NOW(), NOW(), 0, 0, 'GW', 'Africa',
        'Western Africa', 'Guinea-Bissau', 10000000002, 'Sub-Saharan Africa', 245),
       (10000000094, NOW(), NOW(), 0, 0, 'GY', 'Americas',
        'South America', 'Guyana', 10000000001, 'Latin America and the Caribbean', 592),
       (10000000095, NOW(), NOW(), 0, 0, 'HT', 'Americas', 'Caribbean',
        'Haiti', 10000000001, 'Latin America and the Caribbean', 509),
       (10000000096, NOW(), NOW(), 0, 0, 'HM', 'Oceania', '',
        'Heard Island and McDonald Islands', 10000000000, 'Australia and New Zealand', 672),
       (10000000097, NOW(), NOW(), 0, 0, 'VA', 'Europe', '',
        'Holy See', 10000000002, 'Southern Europe', 379),
       (10000000098, NOW(), NOW(), 0, 0, 'HN', 'Americas',
        'Central America', 'Honduras', 10000000001, 'Latin America and the Caribbean', 504),
       (10000000099, NOW(), NOW(), 0, 0, 'HK', 'Asia', '', 'Hong Kong',
        10000000000, 'Eastern Asia', 852),
       (10000000100, NOW(), NOW(), 0, 0, 'HU', 'Europe', '', 'Hungary',
        10000000002, 'Eastern Europe', 36),
       (10000000101, NOW(), NOW(), 0, 0, 'IS', 'Europe', '', 'Iceland',
        10000000002, 'Northern Europe', 354),
       (10000000102, NOW(), NOW(), 0, 0, 'IN', 'Asia', '', 'India',
        10000000000, 'Southern Asia', 91),
       (10000000103, NOW(), NOW(), 0, 0, 'ID', 'Asia', '', 'Indonesia',
        10000000000, 'South-eastern Asia', 62),
       (10000000104, NOW(), NOW(), 0, 0, 'IR', 'Asia', '',
        'Iran (Islamic Republic of)', 10000000000, 'Southern Asia', 98),
       (10000000105, NOW(), NOW(), 0, 0, 'IQ', 'Asia', '', 'Iraq',
        10000000002, 'Western Asia', 964),
       (10000000106, NOW(), NOW(), 0, 0, 'IE', 'Europe', '', 'Ireland',
        10000000002, 'Northern Europe', 353),
       (10000000107, NOW(), NOW(), 0, 0, 'IM', 'Europe', '',
        'Isle of Man', 10000000002, 'Northern Europe', 44),
       (10000000108, NOW(), NOW(), 0, 0, 'IL', 'Asia', '', 'Israel',
        10000000002, 'Western Asia', 972),
       (10000000109, NOW(), NOW(), 0, 0, 'IT', 'Europe', '', 'Italy',
        10000000002, 'Southern Europe', 39),
       (10000000110, NOW(), NOW(), 0, 0, 'JM', 'Americas', 'Caribbean',
        'Jamaica', 10000000001, 'Latin America and the Caribbean', 1876),
       (10000000111, NOW(), NOW(), 0, 0, 'JP', 'Asia', '', 'Japan',
        10000000000, 'Eastern Asia', 81),
       (10000000112, NOW(), NOW(), 0, 0, 'JE', 'Europe',
        'Channel Islands', 'Jersey', 10000000002, 'Northern Europe', 44),
       (10000000113, NOW(), NOW(), 0, 0, 'JO', 'Asia', '', 'Jordan',
        10000000002, 'Western Asia', 962),
       (10000000114, NOW(), NOW(), 0, 0, 'KZ', 'Asia', '',
        'Kazakhstan', 10000000002, 'Central Asia', 7),
       (10000000115, NOW(), NOW(), 0, 0, 'KE', 'Africa',
        'Eastern Africa', 'Kenya', 10000000002, 'Sub-Saharan Africa', 254),
       (10000000116, NOW(), NOW(), 0, 0, 'KI', 'Oceania', '',
        'Kiribati', 10000000000, 'Micronesia', 686),
       (10000000117, NOW(), NOW(), 0, 0, 'KP', 'Asia', '',
        'Korea (Democratic People s Republic of)', 10000000000, 'Eastern Asia', 850),
       (10000000118, NOW(), NOW(), 0, 0, 'KR', 'Asia', '',
        'Korea, Republic of', 10000000000, 'Eastern Asia', 82),
       (10000000119, NOW(), NOW(), 0, 0, 'KW', 'Asia', '', 'Kuwait',
        10000000002, 'Western Asia', 965),
       (10000000120, NOW(), NOW(), 0, 0, 'KG', 'Asia', '',
        'Kyrgyzstan', 10000000002, 'Central Asia', 996),
       (10000000121, NOW(), NOW(), 0, 0, 'LA', 'Asia', '',
        'Lao People s Democratic Republic', 10000000000, 'South-eastern Asia', 856),
       (10000000122, NOW(), NOW(), 0, 0, 'LV', 'Europe', '', 'Latvia',
        10000000002, 'Northern Europe', 371),
       (10000000123, NOW(), NOW(), 0, 0, 'LB', 'Asia', '', 'Lebanon',
        10000000002, 'Western Asia', 961),
       (10000000124, NOW(), NOW(), 0, 0, 'LS', 'Africa',
        'Southern Africa', 'Lesotho', 10000000002, 'Sub-Saharan Africa', 266),
       (10000000125, NOW(), NOW(), 0, 0, 'LR', 'Africa',
        'Western Africa', 'Liberia', 10000000002, 'Sub-Saharan Africa', 231),
       (10000000126, NOW(), NOW(), 0, 0, 'LY', 'Africa', '', 'Libya',
        10000000002, 'Northern Africa', 218),
       (10000000127, NOW(), NOW(), 0, 0, 'LI', 'Europe', '',
        'Liechtenstein', 10000000002, 'Western Europe', 423),
       (10000000128, NOW(), NOW(), 0, 0, 'LT', 'Europe', '',
        'Lithuania', 10000000002, 'Northern Europe', 370),
       (10000000129, NOW(), NOW(), 0, 0, 'LU', 'Europe', '',
        'Luxembourg', 10000000002, 'Western Europe', 352),
       (10000000130, NOW(), NOW(), 0, 0, 'MO', 'Asia', '', 'Macao',
        10000000000, 'Eastern Asia', 853),
       (10000000131, NOW(), NOW(), 0, 0, 'MG', 'Africa',
        'Eastern Africa', 'Madagascar', 10000000002, 'Sub-Saharan Africa', 261),
       (10000000132, NOW(), NOW(), 0, 0, 'MW', 'Africa',
        'Eastern Africa', 'Malawi', 10000000002, 'Sub-Saharan Africa', 265),
       (10000000133, NOW(), NOW(), 0, 0, 'MY', 'Asia', '', 'Malaysia',
        10000000000, 'South-eastern Asia', 60),
       (10000000134, NOW(), NOW(), 0, 0, 'MV', 'Asia', '', 'Maldives',
        10000000000, 'Southern Asia', 960),
       (10000000135, NOW(), NOW(), 0, 0, 'ML', 'Africa',
        'Western Africa', 'Mali', 10000000002, 'Sub-Saharan Africa', 223),
       (10000000136, NOW(), NOW(), 0, 0, 'MT', 'Europe', '', 'Malta',
        10000000002, 'Southern Europe', 356),
       (10000000137, NOW(), NOW(), 0, 0, 'MH', 'Oceania', '',
        'Marshall Islands', 10000000000, 'Micronesia', 692),
       (10000000138, NOW(), NOW(), 0, 0, 'MQ', 'Americas', 'Caribbean',
        'Martinique', 10000000001, 'Latin America and the Caribbean', 596),
       (10000000139, NOW(), NOW(), 0, 0, 'MR', 'Africa',
        'Western Africa', 'Mauritania', 10000000002, 'Sub-Saharan Africa', 222),
       (10000000140, NOW(), NOW(), 0, 0, 'MU', 'Africa',
        'Eastern Africa', 'Mauritius', 10000000002, 'Sub-Saharan Africa', 230),
       (10000000141, NOW(), NOW(), 0, 0, 'YT', 'Africa',
        'Eastern Africa', 'Mayotte', 10000000002, 'Sub-Saharan Africa', 269),
       (10000000142, NOW(), NOW(), 0, 0, 'MX', 'Americas',
        'Central America', 'Mexico', 10000000001, 'Latin America and the Caribbean', 52),
       (10000000143, NOW(), NOW(), 0, 0, 'FM', 'Oceania', '',
        'Micronesia (Federated States of)', 10000000000, 'Micronesia', 691),
       (10000000144, NOW(), NOW(), 0, 0, 'MD', 'Europe', '',
        'Moldova, Republic of', 10000000002, 'Eastern Europe', 373),
       (10000000145, NOW(), NOW(), 0, 0, 'MC', 'Europe', '', 'Monaco',
        10000000002, 'Western Europe', 377),
       (10000000146, NOW(), NOW(), 0, 0, 'MN', 'Asia', '', 'Mongolia',
        10000000000, 'Eastern Asia', 976),
       (10000000147, NOW(), NOW(), 0, 0, 'ME', 'Europe', '',
        'Montenegro', 10000000002, 'Southern Europe', 382),
       (10000000148, NOW(), NOW(), 0, 0, 'MS', 'Americas', 'Caribbean',
        'Montserrat', 10000000001, 'Latin America and the Caribbean', 1664),
       (10000000149, NOW(), NOW(), 0, 0, 'MA', 'Africa', '', 'Morocco',
        10000000002, 'Northern Africa', 212),
       (10000000150, NOW(), NOW(), 0, 0, 'MZ', 'Africa',
        'Eastern Africa', 'Mozambique', 10000000002, 'Sub-Saharan Africa', 258),
       (10000000151, NOW(), NOW(), 0, 0, 'MM', 'Asia', '', 'Myanmar',
        10000000000, 'South-eastern Asia', 95),
       (10000000152, NOW(), NOW(), 0, 0, 'NA', 'Africa',
        'Southern Africa', 'Namibia', 10000000002, 'Sub-Saharan Africa', 264),
       (10000000153, NOW(), NOW(), 0, 0, 'NR', 'Oceania', '', 'Nauru',
        10000000000, 'Micronesia', 674),
       (10000000154, NOW(), NOW(), 0, 0, 'NP', 'Asia', '', 'Nepal',
        10000000000, 'Southern Asia', 977),
       (10000000155, NOW(), NOW(), 0, 0, 'NL', 'Europe', '',
        'Netherlands', 10000000002, 'Western Europe', 31),
       (10000000156, NOW(), NOW(), 0, 0, 'NC', 'Oceania', '',
        'New Caledonia', 10000000000, 'Melanesia', 687),
       (10000000157, NOW(), NOW(), 0, 0, 'NZ', 'Oceania', '',
        'New Zealand', 10000000000, 'Australia and New Zealand', 64),
       (10000000158, NOW(), NOW(), 0, 0, 'NI', 'Americas',
        'Central America', 'Nicaragua', 10000000001, 'Latin America and the Caribbean', 505),
       (10000000159, NOW(), NOW(), 0, 0, 'NE', 'Africa',
        'Western Africa', 'Niger', 10000000002, 'Sub-Saharan Africa', 227),
       (10000000160, NOW(), NOW(), 0, 0, 'NG', 'Africa',
        'Western Africa', 'Nigeria', 10000000002, 'Sub-Saharan Africa', 234),
       (10000000161, NOW(), NOW(), 0, 0, 'NU', 'Oceania', '', 'Niue',
        10000000000, 'Polynesia', 683),
       (10000000162, NOW(), NOW(), 0, 0, 'NF', 'Oceania', '',
        'Norfolk Island', 10000000000, 'Australia and New Zealand', 672),
       (10000000163, NOW(), NOW(), 0, 0, 'MK', 'Europe', '',
        'North Macedonia', 10000000002, 'Southern Europe', 389),
       (10000000164, NOW(), NOW(), 0, 0, 'MP', 'Oceania', '',
        'Northern Mariana Islands', 10000000000, 'Micronesia', 1670),
       (10000000165, NOW(), NOW(), 0, 0, 'NO', 'Europe', '', 'Norway',
        10000000002, 'Northern Europe', 47),
       (10000000166, NOW(), NOW(), 0, 0, 'OM', 'Asia', '', 'Oman',
        10000000002, 'Western Asia', 968),
       (10000000167, NOW(), NOW(), 0, 0, 'PK', 'Asia', '', 'Pakistan',
        10000000000, 'Southern Asia', 92),
       (10000000168, NOW(), NOW(), 0, 0, 'PW', 'Oceania', '', 'Palau',
        10000000000, 'Micronesia', 680),
       (10000000169, NOW(), NOW(), 0, 0, 'PS', 'Asia', '',
        'Palestine, State of', 10000000002, 'Western Asia', 970),
       (10000000170, NOW(), NOW(), 0, 0, 'PA', 'Americas',
        'Central America', 'Panama', 10000000001, 'Latin America and the Caribbean', 507),
       (10000000171, NOW(), NOW(), 0, 0, 'PG', 'Oceania', '',
        'Papua New Guinea', 10000000000, 'Melanesia', 675),
       (10000000172, NOW(), NOW(), 0, 0, 'PY', 'Americas',
        'South America', 'Paraguay', 10000000001, 'Latin America and the Caribbean', 595),
       (10000000173, NOW(), NOW(), 0, 0, 'PE', 'Americas',
        'South America', 'Peru', 10000000001, 'Latin America and the Caribbean', 51),
       (10000000174, NOW(), NOW(), 0, 0, 'PH', 'Asia', '',
        'Philippines', 10000000000, 'South-eastern Asia', 63),
       (10000000175, NOW(), NOW(), 0, 0, 'PN', 'Oceania', '',
        'Pitcairn', 10000000000, 'Polynesia', 64),
       (10000000176, NOW(), NOW(), 0, 0, 'PL', 'Europe', '', 'Poland',
        10000000002, 'Eastern Europe', 48),
       (10000000177, NOW(), NOW(), 0, 0, 'PT', 'Europe', '',
        'Portugal', 10000000002, 'Southern Europe', 351),
       (10000000178, NOW(), NOW(), 0, 0, 'PR', 'Americas', 'Caribbean',
        'Puerto Rico', 10000000001, 'Latin America and the Caribbean', 1787),
       (10000000179, NOW(), NOW(), 0, 0, 'QA', 'Asia', '', 'Qatar',
        10000000002, 'Western Asia', 974),
       (10000000180, NOW(), NOW(), 0, 0, 'RE', 'Africa',
        'Eastern Africa', 'Réunion', 10000000002, 'Sub-Saharan Africa', 262),
       (10000000181, NOW(), NOW(), 0, 0, 'RO', 'Europe', '', 'Romania',
        10000000002, 'Eastern Europe', 40),
       (10000000182, NOW(), NOW(), 0, 0, 'RU', 'Europe', '',
        'Russian Federation', 10000000002, 'Eastern Europe', 7),
       (10000000183, NOW(), NOW(), 0, 0, 'RW', 'Africa',
        'Eastern Africa', 'Rwanda', 10000000002, 'Sub-Saharan Africa', 250),
       (10000000184, NOW(), NOW(), 0, 0, 'BL', 'Americas', 'Caribbean',
        'Saint Barthélemy', 10000000001, 'Latin America and the Caribbean', 590),
       (10000000185, NOW(), NOW(), 0, 0, 'SH', 'Africa',
        'Western Africa', 'Saint Helena, Ascension and Tristan da Cunha', 10000000002, 'Sub-Saharan Africa', 290),
       (10000000186, NOW(), NOW(), 0, 0, 'KN', 'Americas', 'Caribbean',
        'Saint Kitts and Nevis', 10000000001, 'Latin America and the Caribbean', 1869),
       (10000000187, NOW(), NOW(), 0, 0, 'LC', 'Americas', 'Caribbean',
        'Saint Lucia', 10000000001, 'Latin America and the Caribbean', 1758),
       (10000000188, NOW(), NOW(), 0, 0, 'MF', 'Americas', 'Caribbean',
        'Saint Martin (French part)', 10000000001, 'Latin America and the Caribbean', 590),
       (10000000189, NOW(), NOW(), 0, 0, 'PM', 'Americas', '',
        'Saint Pierre and Miquelon', 10000000001, 'Northern America', 508),
       (10000000190, NOW(), NOW(), 0, 0, 'VC', 'Americas', 'Caribbean',
        'Saint Vincent and the Grenadines', 10000000001, 'Latin America and the Caribbean', 1784),
       (10000000191, NOW(), NOW(), 0, 0, 'WS', 'Oceania', '', 'Samoa',
        10000000000, 'Polynesia', 685),
       (10000000192, NOW(), NOW(), 0, 0, 'SM', 'Europe', '',
        'San Marino', 10000000002, 'Southern Europe', 378),
       (10000000193, NOW(), NOW(), 0, 0, 'ST', 'Africa',
        'Middle Africa', 'Sao Tome and Principe', 10000000002, 'Sub-Saharan Africa', 239),
       (10000000194, NOW(), NOW(), 0, 0, 'SA', 'Asia', '',
        'Saudi Arabia', 10000000002, 'Western Asia', 966),
       (10000000195, NOW(), NOW(), 0, 0, 'SN', 'Africa',
        'Western Africa', 'Senegal', 10000000002, 'Sub-Saharan Africa', 221),
       (10000000196, NOW(), NOW(), 0, 0, 'RS', 'Europe', '', 'Serbia',
        10000000002, 'Southern Europe', 381),
       (10000000197, NOW(), NOW(), 0, 0, 'SC', 'Africa',
        'Eastern Africa', 'Seychelles', 10000000002, 'Sub-Saharan Africa', 248),
       (10000000198, NOW(), NOW(), 0, 0, 'SL', 'Africa',
        'Western Africa', 'Sierra Leone', 10000000002, 'Sub-Saharan Africa', 232),
       (10000000199, NOW(), NOW(), 0, 0, 'SG', 'Asia', '', 'Singapore',
        10000000000, 'South-eastern Asia', 65),
       (10000000200, NOW(), NOW(), 0, 0, 'SX', 'Americas', 'Caribbean',
        'Sint Maarten (Dutch part)', 10000000001, 'Latin America and the Caribbean', 1721),
       (10000000201, NOW(), NOW(), 0, 0, 'SK', 'Europe', '',
        'Slovakia', 10000000002, 'Eastern Europe', 421),
       (10000000202, NOW(), NOW(), 0, 0, 'SI', 'Europe', '',
        'Slovenia', 10000000002, 'Southern Europe', 386),
       (10000000203, NOW(), NOW(), 0, 0, 'SB', 'Oceania', '',
        'Solomon Islands', 10000000000, 'Melanesia', 677),
       (10000000204, NOW(), NOW(), 0, 0, 'SO', 'Africa',
        'Eastern Africa', 'Somalia', 10000000002, 'Sub-Saharan Africa', 252),
       (10000000205, NOW(), NOW(), 0, 0, 'ZA', 'Africa',
        'Southern Africa', 'South Africa', 10000000002, 'Sub-Saharan Africa', 27),
       (10000000206, NOW(), NOW(), 0, 0, 'GS', 'Americas',
        'South America', 'South Georgia and the South Sandwich Islands', 10000000001, 'Latin America and the Caribbean',
        500),
       (10000000207, NOW(), NOW(), 0, 0, 'SS', 'Africa',
        'Eastern Africa', 'South Sudan', 10000000002, 'Sub-Saharan Africa', 211),
       (10000000208, NOW(), NOW(), 0, 0, 'ES', 'Europe', '', 'Spain',
        10000000002, 'Southern Europe', 34),
       (10000000209, NOW(), NOW(), 0, 0, 'LK', 'Asia', '', 'Sri Lanka',
        10000000000, 'Southern Asia', 94),
       (10000000210, NOW(), NOW(), 0, 0, 'SD', 'Africa', '', 'Sudan',
        10000000002, 'Northern Africa', 249),
       (10000000211, NOW(), NOW(), 0, 0, 'SR', 'Americas',
        'South America', 'Suriname', 10000000001, 'Latin America and the Caribbean', 597),
       (10000000212, NOW(), NOW(), 0, 0, 'SJ', 'Europe', '',
        'Svalbard and Jan Mayen', 10000000002, 'Northern Europe', 47),
       (10000000213, NOW(), NOW(), 0, 0, 'SE', 'Europe', '', 'Sweden',
        10000000002, 'Northern Europe', 46),
       (10000000214, NOW(), NOW(), 0, 0, 'CH', 'Europe', '',
        'Switzerland', 10000000002, 'Western Europe', 41),
       (10000000215, NOW(), NOW(), 0, 0, 'SY', 'Asia', '',
        'Syrian Arab Republic', 10000000002, 'Western Asia', 963),
       (10000000216, NOW(), NOW(), 0, 0, 'TW', 'Asia', '',
        'Taiwan, Province of China', 10000000000, 'Eastern Asia', 886),
       (10000000217, NOW(), NOW(), 0, 0, 'TJ', 'Asia', '',
        'Tajikistan', 10000000002, 'Central Asia', 992),
       (10000000218, NOW(), NOW(), 0, 0, 'TZ', 'Africa',
        'Eastern Africa', 'Tanzania, United Republic of', 10000000002, 'Sub-Saharan Africa', 255),
       (10000000219, NOW(), NOW(), 0, 0, 'TH', 'Asia', '', 'Thailand',
        10000000000, 'South-eastern Asia', 66),
       (10000000220, NOW(), NOW(), 0, 0, 'TL', 'Asia', '',
        'Timor-Leste', 10000000000, 'South-eastern Asia', 670),
       (10000000221, NOW(), NOW(), 0, 0, 'TG', 'Africa',
        'Western Africa', 'Togo', 10000000002, 'Sub-Saharan Africa', 228),
       (10000000222, NOW(), NOW(), 0, 0, 'TK', 'Oceania', '',
        'Tokelau', 10000000000, 'Polynesia', 690),
       (10000000223, NOW(), NOW(), 0, 0, 'TO', 'Oceania', '', 'Tonga',
        10000000000, 'Polynesia', 676),
       (10000000224, NOW(), NOW(), 0, 0, 'TT', 'Americas', 'Caribbean',
        'Trinidad and Tobago', 10000000001, 'Latin America and the Caribbean', 1868),
       (10000000225, NOW(), NOW(), 0, 0, 'TN', 'Africa', '', 'Tunisia',
        10000000002, 'Northern Africa', 216),
       (10000000226, NOW(), NOW(), 0, 0, 'TR', 'Asia', '', 'Turkey',
        10000000002, 'Western Asia', 90),
       (10000000227, NOW(), NOW(), 0, 0, 'TM', 'Asia', '',
        'Turkmenistan', 10000000002, 'Central Asia', 993),
       (10000000228, NOW(), NOW(), 0, 0, 'TC', 'Americas', 'Caribbean',
        'Turks and Caicos Islands', 10000000001, 'Latin America and the Caribbean', 1649),
       (10000000229, NOW(), NOW(), 0, 0, 'TV', 'Oceania', '', 'Tuvalu',
        10000000000, 'Polynesia', 688),
       (10000000230, NOW(), NOW(), 0, 0, 'UG', 'Africa',
        'Eastern Africa', 'Uganda', 10000000002, 'Sub-Saharan Africa', 256),
       (10000000231, NOW(), NOW(), 0, 0, 'UA', 'Europe', '', 'Ukraine',
        10000000002, 'Eastern Europe', 380),
       (10000000232, NOW(), NOW(), 0, 0, 'AE', 'Asia', '',
        'United Arab Emirates', 10000000002, 'Western Asia', 971),
       (10000000233, NOW(), NOW(), 0, 0, 'GB', 'Europe', '',
        'United Kingdom of Great Britain and Northern Ireland', 10000000002, 'Northern Europe', 44),
       (10000000234, NOW(), NOW(), 0, 0, 'US', 'Americas', '',
        'United States of America', 10000000001, 'Northern America', 1),
       (10000000235, NOW(), NOW(), 0, 0, 'UM', 'Oceania', '',
        'United States Minor Outlying Islands', 10000000000, 'Micronesia', 1581),
       (10000000236, NOW(), NOW(), 0, 0, 'UY', 'Americas',
        'South America', 'Uruguay', 10000000001, 'Latin America and the Caribbean', 598),
       (10000000237, NOW(), NOW(), 0, 0, 'UZ', 'Asia', '',
        'Uzbekistan', 10000000002, 'Central Asia', 998),
       (10000000238, NOW(), NOW(), 0, 0, 'VU', 'Oceania', '',
        'Vanuatu', 10000000000, 'Melanesia', 678),
       (10000000239, NOW(), NOW(), 0, 0, 'VE', 'Americas',
        'South America', 'Venezuela (Bolivarian Republic of)', 10000000001, 'Latin America and the Caribbean', 58),
       (10000000240, NOW(), NOW(), 0, 0, 'VN', 'Asia', '', 'Viet Nam',
        10000000000, 'South-eastern Asia', 84),
       (10000000241, NOW(), NOW(), 0, 0, 'VG', 'Americas', 'Caribbean',
        'Virgin Islands (British)', 10000000001, 'Latin America and the Caribbean', 1284),
       (10000000242, NOW(), NOW(), 0, 0, 'VI', 'Americas', 'Caribbean',
        'Virgin Islands (U.S.)', 10000000001, 'Latin America and the Caribbean', 1340),
       (10000000243, NOW(), NOW(), 0, 0, 'WF', 'Oceania', '',
        'Wallis and Futuna', 10000000000, 'Polynesia', 681),
       (10000000244, NOW(), NOW(), 0, 0, 'EH', 'Africa', '',
        'Western Sahara', 10000000002, 'Northern Africa', 212),
       (10000000245, NOW(), NOW(), 0, 0, 'YE', 'Asia', '', 'Yemen',
        10000000002, 'Western Asia', 967),
       (10000000246, NOW(), NOW(), 0, 0, 'ZM', 'Africa',
        'Eastern Africa', 'Zambia', 10000000002, 'Sub-Saharan Africa', 260),
       (10000000247, NOW(), NOW(), 0, 0, 'ZW', 'Africa',
        'Eastern Africa', 'Zimbabwe', 10000000002, 'Sub-Saharan Africa', 263);

INSERT INTO account.domains (id, created_at, updated_at, created_by, updated_by, record_name, record_value,
                             service_region_id, url)
VALUES (10000000000, NOW(), NOW(), 0, 0, 'HOME', 'squars.io', 10000000000, 'https://squars.io'),
       (10000000001, NOW(), NOW(), 0, 0, 'WORKSPACE', 'workspace.squars.io', 10000000000,
        'https://workspace.squars.io'),
       (10000000002, NOW(), NOW(), 0, 0, 'API', 'api.squars.io', 10000000000, 'https://api.squars.io'),
       (10000000003, NOW(), NOW(), 0, 0, 'ADMIN', 'admin.squars.io', 10000000000, 'https://admin.squars.io'),
       (10000000004, NOW(), NOW(), 0, 0, 'LOGIN', 'login.squars.io', 10000000000, 'https://login.squars.io'),
       (10000000005, NOW(), NOW(), 0, 0, 'HOME', 'squars.io', 10000000001, 'https://squars.io'),
       (10000000006, NOW(), NOW(), 0, 0, 'WORKSPACE', 'workspace.squars.io', 10000000001,
        'https://workspace.squars.io'),
       (10000000007, NOW(), NOW(), 0, 0, 'API', 'api.squars.io', 10000000001, 'https://api.squars.io'),
       (10000000008, NOW(), NOW(), 0, 0, 'ADMIN', 'admin.squars.io', 10000000001, 'https://admin.squars.io'),
       (10000000009, NOW(), NOW(), 0, 0, 'LOGIN', 'login.squars.io', 10000000001, 'https://login.squars.io'),
       (10000000010, NOW(), NOW(), 0, 0, 'HOME', 'squars.io', 10000000002, 'https://squars.io'),
       (10000000011, NOW(), NOW(), 0, 0, 'WORKSPACE', 'workspace.squars.io', 10000000002,
        'https://workspace.squars.io'),
       (10000000012, NOW(), NOW(), 0, 0, 'API', 'api.squars.io', 10000000002, 'https://api.squars.io'),
       (10000000013, NOW(), NOW(), 0, 0, 'ADMIN', 'admin.squars.io', 10000000002, 'https://admin.squars.io'),
       (10000000014, NOW(), NOW(), 0, 0, 'LOGIN', 'login.squars.io', 10000000002, 'https://login.squars.io');

INSERT INTO account.products (id, created_at, updated_at, created_by, updated_by, name, product_type, status)
VALUES (10000000000, NOW(), NOW(), 0, 0, 'SQUARS PRODUCT', 'SQUARS', 'APPROVED'),
       (10000000001, NOW(), NOW(), 0, 0, 'TRACK SDK', 'TRACK', 'APPROVED');

INSERT INTO account.license_grades (id, created_at, updated_at, created_by, updated_by, description, name, status,
                                    grade_type)
VALUES (10000000000, NOW(), NOW(), 0, 0, 'For starter', 'Free +',
        'APPROVED', 'FREE_PLUS');

INSERT INTO account.licenses (id, created_at, updated_at, created_by, updated_by, description, license_grade_id, name,
                              product_id, sales_target, status, use_status)
VALUES (10000000000, NOW(), NOW(), 0, 0,
        'Recommended for all users including\ndevelopers, designers, freelancers, and\ncontent creators.', 10000000000,
        'SQUARS Free Plus License', 10000000000, 'For starter', 'APPROVED', 'USE');

INSERT INTO account.license_attributes (id, created_at, updated_at, created_by, updated_by,
                                        license_additional_attribute_type, license_attribute_dependency_type,
                                        license_attribute_type, data_type, data_value, license_id, status)
VALUES (10000000000, NOW(), NOW(), 0, 0, NULL, 'DEPENDENCE', 'MAXIMUM_WORKSPACE', 'NUMBER', '1',
        10000000000, 'USE'),
       (10000000001, NOW(), NOW(), 0, 0, NULL, 'DEPENDENCE', 'MAXIMUM_GROUP', 'NUMBER', '3',
        10000000000, 'USE'),
       (10000000002, NOW(), NOW(), 0, 0, NULL, 'DEPENDENCE', 'MAXIMUM_GROUP_USER', 'NUMBER', '3',
        10000000000, 'USE'),
       (10000000003, NOW(), NOW(), 0, 0, NULL, 'DEPENDENCE', 'STORAGE_SIZE_PER_MB', 'NUMBER', '500',
        10000000000, 'USE'),
       (10000000004, NOW(), NOW(), 0, 0, NULL, 'DEPENDENCE', 'MAXIMUM_PROJECT', 'NUMBER', '10',
        10000000000, 'USE'),
       (10000000005, NOW(), NOW(), 0, 0, NULL, 'DEPENDENCE', 'MAXIMUM_PUBLISHING_PROJECT', 'NUMBER',
        '3', 10000000000, 'USE'),
       (10000000006, NOW(), NOW(), 0, 0, NULL, 'DEPENDENCE', 'MAXIMUM_VIEW_PER_MONTH', 'NUMBER',
        '1000', 10000000000, 'USE'),
       (10000000007, NOW(), NOW(), 0, 0, NULL, 'DEPENDENCE', 'EXCLUSION_WATERMARK', 'BOOL', 'false',
        10000000000, 'USE'),
       (10000000008, NOW(), NOW(), 0, 0, NULL, 'DEPENDENCE', 'CUSTOMIZING_SPLASH_SCREEN', 'BOOL', 'false',
        10000000000, 'USE');

INSERT INTO account.items (id, created_at, updated_at, created_by, updated_by, amount, currency_type,
                           hubspot_product_id, item_type, license_attribute_id, license_id, monthly_used_amount, name,
                           payment_type, recurring_interval, status, use_status, is_exposed)
VALUES (10000000000, NOW(), NOW(), 0, 0, 0.00, 'EUR', NULL, 'LICENSE',
        NULL, 10000000000, 0.00, 'Free +', 'SUBSCRIPTION', 'NONE', 'APPROVED', 'NONE', TRUE);

INSERT INTO account.admin_users (id, created_at, updated_at, approval_status, email, language,
                                 service_region_locale_mapping_code, service_region_locale_mapping_id, nickname,
                                 password, profile_color, profile_image, service_region_aws_code, service_region_code,
                                 service_region_id, status, created_by, updated_by)
VALUES (10000000000, NOW(), NOW(), 'APPROVED', 'admin@squars.io', 'en', 'KR',
        10000000118, 'admin', '$2b$12$06dlKxHguAU8f6y01DVV.u8z.s0ofw1NAIEDlFXXb6R2L0UDEFNmK', 'GREEN', NULL,
        'ap-northeast-2', 'KR', 10000000000, 'JOIN', 0, 0);

INSERT INTO account.admin_user_roles (id, created_at, updated_at, created_by, updated_by, admin_user_id, role, status)
VALUES (10000000000, NOW(), NOW(), 0, 0, 10000000000, 'ROLE_ADMIN_USER', 'USE'),
       (10000000001, NOW(), NOW(), 0, 0, 10000000000, 'ROLE_ADMIN_MASTER', 'USE');


INSERT INTO account.service_locale_states (id, created_at, updated_at, created_by, updated_by, code, name, locale_code)
VALUES (10000000000, NOW(), NOW(), 0, 0, 'CA-AB', 'Alberta', 'CA'),
       (10000000001, NOW(), NOW(), 0, 0, 'CA-BC', 'British Columbia', 'CA'),
       (10000000002, NOW(), NOW(), 0, 0, 'CA-MB', 'Manitoba', 'CA'),
       (10000000003, NOW(), NOW(), 0, 0, 'CA-NB', 'New Brunswick', 'CA'),
       (10000000004, NOW(), NOW(), 0, 0, 'CA-NL', 'Newfoundland and Labrador', 'CA'),
       (10000000005, NOW(), NOW(), 0, 0, 'CA-NT', 'Northwest Territories', 'CA'),
       (10000000006, NOW(), NOW(), 0, 0, 'CA-NS', 'Nova Scotia', 'CA'),
       (10000000007, NOW(), NOW(), 0, 0, 'CA-NU', 'Nunavut', 'CA'),
       (10000000008, NOW(), NOW(), 0, 0, 'CA-ON', 'Ontario', 'CA'),
       (10000000009, NOW(), NOW(), 0, 0, 'CA-PE', 'Prince Edward Island', 'CA'),
       (10000000010, NOW(), NOW(), 0, 0, 'CA-QC', 'Quebec', 'CA'),
       (10000000011, NOW(), NOW(), 0, 0, 'CA-SK', 'Saskatchewan', 'CA'),
       (10000000012, NOW(), NOW(), 0, 0, 'CA-YT', 'Yukon', 'CA'),
       (10000000013, NOW(), NOW(), 0, 0, 'US-AL', 'Alabama', 'US'),
       (10000000014, NOW(), NOW(), 0, 0, 'US-AK', 'Alaska', 'US'),
       (10000000015, NOW(), NOW(), 0, 0, 'US-AZ', 'Arizona', 'US'),
       (10000000016, NOW(), NOW(), 0, 0, 'US-AR', 'Arkansas', 'US'),
       (10000000017, NOW(), NOW(), 0, 0, 'US-CA', 'California', 'US'),
       (10000000018, NOW(), NOW(), 0, 0, 'US-CO', 'Colorado', 'US'),
       (10000000019, NOW(), NOW(), 0, 0, 'US-CT', 'Connecticut', 'US'),
       (10000000020, NOW(), NOW(), 0, 0, 'US-DE', 'Delaware', 'US'),
       (10000000021, NOW(), NOW(), 0, 0, 'US-FL', 'Florida', 'US'),
       (10000000022, NOW(), NOW(), 0, 0, 'US-GA', 'Georgia', 'US'),
       (10000000023, NOW(), NOW(), 0, 0, 'US-HI', 'Hawaii', 'US'),
       (10000000024, NOW(), NOW(), 0, 0, 'US-ID', 'Idaho', 'US'),
       (10000000025, NOW(), NOW(), 0, 0, 'US-IL', 'Illinois', 'US'),
       (10000000026, NOW(), NOW(), 0, 0, 'US-IN', 'Indiana', 'US'),
       (10000000027, NOW(), NOW(), 0, 0, 'US-IA', 'Iowa', 'US'),
       (10000000028, NOW(), NOW(), 0, 0, 'US-KS', 'Kansas', 'US'),
       (10000000029, NOW(), NOW(), 0, 0, 'US-KY', 'Kentucky', 'US'),
       (10000000030, NOW(), NOW(), 0, 0, 'US-LA', 'Louisiana', 'US'),
       (10000000031, NOW(), NOW(), 0, 0, 'US-ME', 'Maine', 'US'),
       (10000000032, NOW(), NOW(), 0, 0, 'US-MD', 'Maryland', 'US'),
       (10000000033, NOW(), NOW(), 0, 0, 'US-MA', 'Massachusetts', 'US'),
       (10000000034, NOW(), NOW(), 0, 0, 'US-MI', 'Michigan', 'US'),
       (10000000035, NOW(), NOW(), 0, 0, 'US-MN', 'Minnesota', 'US'),
       (10000000036, NOW(), NOW(), 0, 0, 'US-MS', 'Mississippi', 'US'),
       (10000000037, NOW(), NOW(), 0, 0, 'US-MO', 'Missouri', 'US'),
       (10000000038, NOW(), NOW(), 0, 0, 'US-MT', 'Montana', 'US'),
       (10000000039, NOW(), NOW(), 0, 0, 'US-NE', 'Nebraska', 'US'),
       (10000000040, NOW(), NOW(), 0, 0, 'US-NV', 'Nevada', 'US'),
       (10000000041, NOW(), NOW(), 0, 0, 'US-NH', 'New Hampshire', 'US'),
       (10000000042, NOW(), NOW(), 0, 0, 'US-NJ', 'New Jersey', 'US'),
       (10000000043, NOW(), NOW(), 0, 0, 'US-NM', 'New Mexico', 'US'),
       (10000000044, NOW(), NOW(), 0, 0, 'US-NY', 'New York', 'US'),
       (10000000045, NOW(), NOW(), 0, 0, 'US-NC', 'North Carolina', 'US'),
       (10000000046, NOW(), NOW(), 0, 0, 'US-ND', 'North Dakota', 'US'),
       (10000000047, NOW(), NOW(), 0, 0, 'US-OH', 'Ohio', 'US'),
       (10000000048, NOW(), NOW(), 0, 0, 'US-OK', 'Oklahoma', 'US'),
       (10000000049, NOW(), NOW(), 0, 0, 'US-OR', 'Oregon', 'US'),
       (10000000050, NOW(), NOW(), 0, 0, 'US-PA', 'Pennsylvania', 'US'),
       (10000000051, NOW(), NOW(), 0, 0, 'US-RI', 'Rhode Island', 'US'),
       (10000000052, NOW(), NOW(), 0, 0, 'US-SC', 'South Carolina', 'US'),
       (10000000053, NOW(), NOW(), 0, 0, 'US-SD', 'South Dakota', 'US'),
       (10000000054, NOW(), NOW(), 0, 0, 'US-TN', 'Tennessee', 'US'),
       (10000000055, NOW(), NOW(), 0, 0, 'US-TX', 'Texas', 'US'),
       (10000000056, NOW(), NOW(), 0, 0, 'US-UT', 'Utah', 'US'),
       (10000000057, NOW(), NOW(), 0, 0, 'US-VT', 'Vermont', 'US'),
       (10000000058, NOW(), NOW(), 0, 0, 'US-VA', 'Virginia', 'US'),
       (10000000059, NOW(), NOW(), 0, 0, 'US-WA', 'Washington', 'US'),
       (10000000060, NOW(), NOW(), 0, 0, 'US-DC', 'Washington, DC', 'US'),
       (10000000061, NOW(), NOW(), 0, 0, 'US-WV', 'West Virginia', 'US'),
       (10000000062, NOW(), NOW(), 0, 0, 'US-WI', 'Wisconsin', 'US'),
       (10000000063, NOW(), NOW(), 0, 0, 'US-WY', 'Wyoming', 'US');

INSERT INTO account.mobile_managements (id, control_mode_password, notice_message, notice_is_exposed, created_at,
                                        updated_at, created_by, updated_by)
VALUES (10000000000, '$2a$10$WdGVyDeTajsf5CTWGXD7gej9nwQXF/34/pCfhbHkoeNf9Tdnd7DlG', NULL, FALSE, NOW(), NOW(), 0, 0);

INSERT INTO account.service_time_zones (id, locale_code, name, utc_offset, zone_id)
VALUES (10000000000, 'CI', 'Greenwich Mean Time', '0', 'Africa/Abidjan'),
       (10000000001, 'GH', 'Ghana Mean Time', '0', 'Africa/Accra'),
       (10000000002, 'ET', 'Eastern African Time', '3', 'Africa/Addis_Ababa'),
       (10000000003, 'DZ', 'Central European Time', '1', 'Africa/Algiers'),
       (10000000004, 'ER', 'Eastern African Time', '3', 'Africa/Asmara'),
       (10000000005, null, 'Eastern African Time', '3', 'Africa/Asmera'),
       (10000000006, 'ML', 'Greenwich Mean Time', '0', 'Africa/Bamako'),
       (10000000007, 'CF', 'Western African Time', '1', 'Africa/Bangui'),
       (10000000008, 'GM', 'Greenwich Mean Time', '0', 'Africa/Banjul'),
       (10000000009, 'GW', 'Greenwich Mean Time', '0', 'Africa/Bissau'),
       (10000000010, 'MW', 'Central African Time', '2', 'Africa/Blantyre'),
       (10000000011, 'CG', 'Western African Time', '1', 'Africa/Brazzaville'),
       (10000000012, 'BI', 'Central African Time', '2', 'Africa/Bujumbura'),
       (10000000013, null, 'Eastern European Time', '2', 'Africa/Cairo'),
       (10000000014, 'MA', 'Western European Time', '0', 'Africa/Casablanca'),
       (10000000015, null, 'Central European Time', '1', 'Africa/Ceuta'),
       (10000000016, 'GN', 'Greenwich Mean Time', '0', 'Africa/Conakry'),
       (10000000017, 'SN', 'Greenwich Mean Time', '0', 'Africa/Dakar'),
       (10000000018, 'TZ', 'Eastern African Time', '3', 'Africa/Dar_es_Salaam'),
       (10000000019, 'DJ', 'Eastern African Time', '3', 'Africa/Djibouti'),
       (10000000020, 'CM', 'Western African Time', '1', 'Africa/Douala'),
       (10000000021, 'EH', 'Western European Time', '0', 'Africa/El_Aaiun'),
       (10000000022, 'SL', 'Greenwich Mean Time', '0', 'Africa/Freetown'),
       (10000000023, 'BW', 'Central African Time', '2', 'Africa/Gaborone'),
       (10000000024, 'ZW', 'Central African Time', '2', 'Africa/Harare'),
       (10000000025, 'ZA', 'South Africa Standard Time', '2', 'Africa/Johannesburg'),
       (10000000026, 'SS', null, '2', 'Africa/Juba'),
       (10000000027, 'UG', 'Eastern African Time', '3', 'Africa/Kampala'),
       (10000000028, 'SD', 'Eastern African Time', '2', 'Africa/Khartoum'),
       (10000000029, 'RW', 'Central African Time', '2', 'Africa/Kigali'),
       (10000000030, 'CD', 'Western African Time', '1', 'Africa/Kinshasa'),
       (10000000031, 'NG', 'Western African Time', '1', 'Africa/Lagos'),
       (10000000032, 'GA', 'Western African Time', '1', 'Africa/Libreville'),
       (10000000033, 'TG', 'Greenwich Mean Time', '0', 'Africa/Lome'),
       (10000000034, 'AO', 'Western African Time', '1', 'Africa/Luanda'),
       (10000000035, null, 'Central African Time', '2', 'Africa/Lubumbashi'),
       (10000000036, 'ZM', 'Central African Time', '2', 'Africa/Lusaka'),
       (10000000037, 'GQ', 'Western African Time', '1', 'Africa/Malabo'),
       (10000000038, 'MZ', 'Central African Time', '2', 'Africa/Maputo'),
       (10000000039, 'LS', 'South Africa Standard Time', '2', 'Africa/Maseru'),
       (10000000040, 'SZ', 'South Africa Standard Time', '2', 'Africa/Mbabane'),
       (10000000041, 'SO', 'Eastern African Time', '3', 'Africa/Mogadishu'),
       (10000000042, 'LR', 'Greenwich Mean Time', '0', 'Africa/Monrovia'),
       (10000000043, 'KE', 'Eastern African Time', '3', 'Africa/Nairobi'),
       (10000000044, 'TD', 'Western African Time', '1', 'Africa/Ndjamena'),
       (10000000045, 'NE', 'Western African Time', '1', 'Africa/Niamey'),
       (10000000046, 'MR', 'Greenwich Mean Time', '0', 'Africa/Nouakchott'),
       (10000000047, 'BF', 'Greenwich Mean Time', '0', 'Africa/Ouagadougou'),
       (10000000048, 'BJ', 'Western African Time', '1', 'Africa/Porto-Novo'),
       (10000000049, 'ST', 'Greenwich Mean Time', '0', 'Africa/Sao_Tome'),
       (10000000050, null, 'Greenwich Mean Time', '0', 'Africa/Timbuktu'),
       (10000000051, null, 'Eastern European Time', '2', 'Africa/Tripoli'),
       (10000000052, 'TN', 'Central European Time', '1', 'Africa/Tunis'),
       (10000000053, 'NA', 'Western African Time', '2', 'Africa/Windhoek'),
       (10000000054, null, 'Hawaii-Aleutian Standard Time', '-10', 'America/Adak'),
       (10000000055, null, 'Alaska Standard Time', '-9', 'America/Anchorage'),
       (10000000056, 'AI', 'Atlantic Standard Time', '-4', 'America/Anguilla'),
       (10000000057, 'AG', 'Atlantic Standard Time', '-4', 'America/Antigua'),
       (10000000058, null, 'Brasilia Time', '-3', 'America/Araguaina'),
       (10000000059, 'AR', 'Argentine Time', '-3', 'America/Argentina/Buenos_Aires'),
       (10000000060, null, 'Argentine Time', '-3', 'America/Argentina/Catamarca'),
       (10000000061, null, 'Argentine Time', '-3', 'America/Argentina/ComodRivadavia'),
       (10000000062, null, 'Argentine Time', '-3', 'America/Argentina/Cordoba'),
       (10000000063, null, 'Argentine Time', '-3', 'America/Argentina/Jujuy'),
       (10000000064, null, 'Argentine Time', '-3', 'America/Argentina/La_Rioja'),
       (10000000065, null, 'Argentine Time', '-3', 'America/Argentina/Mendoza'),
       (10000000066, null, 'Argentine Time', '-3', 'America/Argentina/Rio_Gallegos'),
       (10000000067, null, 'Argentine Time', '-3', 'America/Argentina/Salta'),
       (10000000068, null, 'Argentine Time', '-3', 'America/Argentina/San_Juan'),
       (10000000069, null, 'Western Argentine Time', '-3', 'America/Argentina/San_Luis'),
       (10000000070, null, 'Argentine Time', '-3', 'America/Argentina/Tucuman'),
       (10000000071, null, 'Argentine Time', '-3', 'America/Argentina/Ushuaia'),
       (10000000072, 'AW', 'Atlantic Standard Time', '-4', 'America/Aruba'),
       (10000000073, 'PY', 'Paraguay Time', '-4', 'America/Asuncion'),
       (10000000074, null, 'Eastern Standard Time', '-5', 'America/Atikokan'),
       (10000000075, null, 'Hawaii-Aleutian Standard Time', '-10', 'America/Atka'),
       (10000000076, null, 'Brasilia Time', '-3', 'America/Bahia'),
       (10000000077, null, 'Central Standard Time', '-6', 'America/Bahia_Banderas'),
       (10000000078, 'BB', 'Atlantic Standard Time', '-4', 'America/Barbados'),
       (10000000079, null, 'Brasilia Time', '-3', 'America/Belem'),
       (10000000080, 'BZ', 'Central Standard Time', '-6', 'America/Belize'),
       (10000000081, null, 'Atlantic Standard Time', '-4', 'America/Blanc-Sablon'),
       (10000000082, null, 'Amazon Time', '-4', 'America/Boa_Vista'),
       (10000000083, 'CO', 'Colombia Time', '-5', 'America/Bogota'),
       (10000000084, null, 'Mountain Standard Time', '-7', 'America/Boise'),
       (10000000085, null, 'Mountain Standard Time', '-7', 'America/Cambridge_Bay'),
       (10000000086, null, 'Amazon Time', '-4', 'America/Campo_Grande'),
       (10000000087, null, 'Central Standard Time', '-5', 'America/Cancun'),
       (10000000088, 'VE', 'Venezuela Time', '-4', 'America/Caracas'),
       (10000000089, 'GF', 'French Guiana Time', '-3', 'America/Cayenne'),
       (10000000090, 'KY', 'Eastern Standard Time', '-5', 'America/Cayman'),
       (10000000091, null, 'Central Standard Time', '-6', 'America/Chicago'),
       (10000000092, null, 'Mountain Standard Time', '-6', 'America/Chihuahua'),
       (10000000093, null, 'Eastern Standard Time', '-5', 'America/Coral_Harbour'),
       (10000000094, 'CR', 'Central Standard Time', '-6', 'America/Costa_Rica'),
       (10000000095, null, null, '-7', 'America/Creston'),
       (10000000096, null, 'Amazon Time', '-4', 'America/Cuiaba'),
       (10000000097, 'CW', 'Atlantic Standard Time', '-4', 'America/Curacao'),
       (10000000098, null, 'Greenwich Mean Time', '0', 'America/Danmarkshavn'),
       (10000000099, null, 'Pacific Standard Time', '-7', 'America/Dawson'),
       (10000000100, null, 'Mountain Standard Time', '-7', 'America/Dawson_Creek'),
       (10000000101, null, 'Mountain Standard Time', '-7', 'America/Denver'),
       (10000000102, null, 'Eastern Standard Time', '-5', 'America/Detroit'),
       (10000000103, 'DM', 'Atlantic Standard Time', '-4', 'America/Dominica'),
       (10000000104, null, 'Mountain Standard Time', '-7', 'America/Edmonton'),
       (10000000105, null, 'Amazon Time', '-5', 'America/Eirunepe'),
       (10000000106, 'SV', 'Central Standard Time', '-6', 'America/El_Salvador'),
       (10000000107, null, 'Pacific Standard Time', '-8', 'America/Ensenada'),
       (10000000108, null, null, '-7', 'America/Fort_Nelson'),
       (10000000109, null, 'Eastern Standard Time', '-5', 'America/Fort_Wayne'),
       (10000000110, null, 'Brasilia Time', '-3', 'America/Fortaleza'),
       (10000000111, null, 'Atlantic Standard Time', '-4', 'America/Glace_Bay'),
       (10000000112, 'GL', 'Western Greenland Time', '-3', 'America/Godthab'),
       (10000000113, null, 'Atlantic Standard Time', '-4', 'America/Goose_Bay'),
       (10000000114, null, 'Eastern Standard Time', '-5', 'America/Grand_Turk'),
       (10000000115, 'GD', 'Atlantic Standard Time', '-4', 'America/Grenada'),
       (10000000116, 'GP', 'Atlantic Standard Time', '-4', 'America/Guadeloupe'),
       (10000000117, 'GT', 'Central Standard Time', '-6', 'America/Guatemala'),
       (10000000118, 'EC', 'Ecuador Time', '-5', 'America/Guayaquil'),
       (10000000119, 'GY', 'Guyana Time', '-4', 'America/Guyana'),
       (10000000120, null, 'Atlantic Standard Time', '-4', 'America/Halifax'),
       (10000000121, null, 'Cuba Standard Time', '-5', 'America/Havana'),
       (10000000122, null, 'Mountain Standard Time', '-7', 'America/Hermosillo'),
       (10000000123, null, 'Eastern Standard Time', '-5', 'America/Indiana/Indianapolis'),
       (10000000124, null, 'Central Standard Time', '-6', 'America/Indiana/Knox'),
       (10000000125, null, 'Eastern Standard Time', '-5', 'America/Indiana/Marengo'),
       (10000000126, null, 'Eastern Standard Time', '-5', 'America/Indiana/Petersburg'),
       (10000000127, null, 'Central Standard Time', '-6', 'America/Indiana/Tell_City'),
       (10000000128, null, 'Eastern Standard Time', '-5', 'America/Indiana/Vevay'),
       (10000000129, null, 'Eastern Standard Time', '-5', 'America/Indiana/Vincennes'),
       (10000000130, null, 'Eastern Standard Time', '-5', 'America/Indiana/Winamac'),
       (10000000131, null, 'Mountain Standard Time', '-7', 'America/Inuvik'),
       (10000000132, null, 'Eastern Standard Time', '-5', 'America/Iqaluit'),
       (10000000133, null, 'Eastern Standard Time', '-5', 'America/Jamaica'),
       (10000000134, null, 'Alaska Standard Time', '-9', 'America/Juneau'),
       (10000000135, null, 'Eastern Standard Time', '-5', 'America/Kentucky/Louisville'),
       (10000000136, null, 'Eastern Standard Time', '-5', 'America/Kentucky/Monticello'),
       (10000000137, null, 'Central Standard Time', '-6', 'America/Knox_IN'),
       (10000000138, 'BQ', 'GMT-04:00', '-4', 'America/Kralendijk'),
       (10000000139, 'BO', 'Bolivia Time', '-4', 'America/La_Paz'),
       (10000000140, 'PE', 'Peru Time', '-5', 'America/Lima'),
       (10000000141, null, 'Pacific Standard Time', '-8', 'America/Los_Angeles'),
       (10000000142, null, null, '-4', 'America/Lower_Princes'),
       (10000000143, null, 'Brasilia Time', '-3', 'America/Maceio'),
       (10000000144, 'NI', 'Central Standard Time', '-6', 'America/Managua'),
       (10000000145, null, 'Amazon Time', '-4', 'America/Manaus'),
       (10000000146, 'MF', 'Atlantic Standard Time', '-4', 'America/Marigot'),
       (10000000147, 'MQ', 'Atlantic Standard Time', '-4', 'America/Martinique'),
       (10000000148, null, 'Central Standard Time', '-6', 'America/Matamoros'),
       (10000000149, null, 'Mountain Standard Time', '-7', 'America/Mazatlan'),
       (10000000150, null, 'Central Standard Time', '-6', 'America/Menominee'),
       (10000000151, null, 'Central Standard Time', '-6', 'America/Merida'),
       (10000000152, null, 'Metlakatla Standard Time', '-9', 'America/Metlakatla'),
       (10000000153, null, 'Central Standard Time', '-6', 'America/Mexico_City'),
       (10000000154, 'PM', 'Pierre & Miquelon Standard Time', '-3', 'America/Miquelon'),
       (10000000155, null, 'Atlantic Standard Time', '-4', 'America/Moncton'),
       (10000000156, null, 'Central Standard Time', '-6', 'America/Monterrey'),
       (10000000157, 'UY', 'Uruguay Time', '-3', 'America/Montevideo'),
       (10000000158, null, 'Eastern Standard Time', '-5', 'America/Montreal'),
       (10000000159, 'MS', 'Atlantic Standard Time', '-4', 'America/Montserrat'),
       (10000000160, 'BS', 'Eastern Standard Time', '-5', 'America/Nassau'),
       (10000000161, null, 'Eastern Standard Time', '-5', 'America/New_York'),
       (10000000162, null, 'Eastern Standard Time', '-5', 'America/Nipigon'),
       (10000000163, null, 'Alaska Standard Time', '-9', 'America/Nome'),
       (10000000164, null, 'Fernando de Noronha Time', '-2', 'America/Noronha'),
       (10000000165, null, 'Central Standard Time', '-6', 'America/North_Dakota/Beulah'),
       (10000000166, null, 'Central Standard Time', '-6', 'America/North_Dakota/Center'),
       (10000000167, null, 'Central Standard Time', '-6', 'America/North_Dakota/New_Salem'),
       (10000000168, null, 'Mountain Standard Time', '-7', 'America/Ojinaga'),
       (10000000169, 'PA', 'Eastern Standard Time', '-5', 'America/Panama'),
       (10000000170, null, 'Eastern Standard Time', '-5', 'America/Pangnirtung'),
       (10000000171, 'SR', 'Suriname Time', '-3', 'America/Paramaribo'),
       (10000000172, null, 'Mountain Standard Time', '-7', 'America/Phoenix'),
       (10000000173, 'TT', 'Atlantic Standard Time', '-4', 'America/Port_of_Spain'),
       (10000000174, 'HT', 'Eastern Standard Time', '-5', 'America/Port-au-Prince'),
       (10000000175, null, 'Amazon Time', '-5', 'America/Porto_Acre'),
       (10000000176, null, 'Amazon Time', '-4', 'America/Porto_Velho'),
       (10000000177, 'PR', 'Atlantic Standard Time', '-4', 'America/Puerto_Rico'),
       (10000000178, null, 'Chile Time', '-3', 'America/Punta_Arenas'),
       (10000000179, null, 'Central Standard Time', '-6', 'America/Rainy_River'),
       (10000000180, null, 'Central Standard Time', '-6', 'America/Rankin_Inlet'),
       (10000000181, null, 'Brasilia Time', '-3', 'America/Recife'),
       (10000000182, null, 'Central Standard Time', '-6', 'America/Regina'),
       (10000000183, null, 'Eastern Standard Time', '-6', 'America/Resolute'),
       (10000000184, null, 'Amazon Time', '-5', 'America/Rio_Branco'),
       (10000000185, null, 'Argentine Time', '-3', 'America/Rosario'),
       (10000000186, null, 'Pacific Standard Time', '-8', 'America/Santa_Isabel'),
       (10000000187, null, 'Brasilia Time', '-3', 'America/Santarem'),
       (10000000188, 'CL', 'Chile Time', '-4', 'America/Santiago'),
       (10000000189, 'DO', 'Atlantic Standard Time', '-4', 'America/Santo_Domingo'),
       (10000000190, 'BR', 'Brasilia Time', '-3', 'America/Sao_Paulo'),
       (10000000191, null, 'Mountain Standard Time', '-7', 'America/Shiprock'),
       (10000000192, null, 'Alaska Standard Time', '-9', 'America/Sitka'),
       (10000000193, 'BL', 'Atlantic Standard Time', '-4', 'America/St_Barthelemy'),
       (10000000194, null, 'Newfoundland Standard Time', '-3.5', 'America/St_Johns'),
       (10000000195, 'KN', 'Atlantic Standard Time', '-4', 'America/St_Kitts'),
       (10000000196, 'LC', 'Atlantic Standard Time', '-4', 'America/St_Lucia'),
       (10000000197, null, 'Atlantic Standard Time', '-4', 'America/St_Thomas'),
       (10000000198, 'VC', 'Atlantic Standard Time', '-4', 'America/St_Vincent'),
       (10000000199, null, 'Central Standard Time', '-6', 'America/Swift_Current'),
       (10000000200, 'HN', 'Central Standard Time', '-6', 'America/Tegucigalpa'),
       (10000000201, null, 'Atlantic Standard Time', '-4', 'America/Thule'),
       (10000000202, null, 'Eastern Standard Time', '-5', 'America/Thunder_Bay'),
       (10000000203, null, 'Pacific Standard Time', '-8', 'America/Tijuana'),
       (10000000204, null, 'Eastern Standard Time', '-5', 'America/Toronto'),
       (10000000205, 'VG', 'Atlantic Standard Time', '-4', 'America/Tortola'),
       (10000000206, null, 'Pacific Standard Time', '-8', 'America/Vancouver'),
       (10000000207, 'VI', 'Atlantic Standard Time', '-4', 'America/Virgin'),
       (10000000208, null, 'Pacific Standard Time', '-7', 'America/Whitehorse'),
       (10000000209, null, 'Central Standard Time', '-6', 'America/Winnipeg'),
       (10000000210, null, 'Alaska Standard Time', '-9', 'America/Yakutat'),
       (10000000211, null, 'Mountain Standard Time', '-7', 'America/Yellowknife'),
       (10000000212, null, 'Western Standard Time (Australia)', '11', 'Antarctica/Casey'),
       (10000000213, null, 'Davis Time', '7', 'Antarctica/Davis'),
       (10000000214, null, 'Dumont-d''Urville Time', '10', 'Antarctica/DumontDUrville'),
       (10000000215, null, 'Macquarie Island Time', '10', 'Antarctica/Macquarie'),
       (10000000216, null, 'Mawson Time', '5', 'Antarctica/Mawson'),
       (10000000217, null, 'New Zealand Standard Time', '12', 'Antarctica/McMurdo'),
       (10000000218, null, 'Chile Time', '-3', 'Antarctica/Palmer'),
       (10000000219, null, 'Rothera Time', '-3', 'Antarctica/Rothera'),
       (10000000220, null, 'New Zealand Standard Time', '12', 'Antarctica/South_Pole'),
       (10000000221, null, 'Syowa Time', '3', 'Antarctica/Syowa'),
       (10000000222, null, 'Central European Time', '0', 'Antarctica/Troll'),
       (10000000223, null, 'Vostok Time', '6', 'Antarctica/Vostok'),
       (10000000224, 'SJ', 'Central European Time', '1', 'Arctic/Longyearbyen'),
       (10000000225, 'YE', 'Arabia Standard Time', '3', 'Asia/Aden'),
       (10000000226, null, 'Alma-Ata Time', '6', 'Asia/Almaty'),
       (10000000227, 'JO', 'Eastern European Time', '3', 'Asia/Amman'),
       (10000000228, null, 'Anadyr Time', '12', 'Asia/Anadyr'),
       (10000000229, null, 'Aqtau Time', '5', 'Asia/Aqtau'),
       (10000000230, 'KZ', 'Aqtobe Time', '5', 'Asia/Aqtobe'),
       (10000000231, 'TM', 'Turkmenistan Time', '5', 'Asia/Ashgabat'),
       (10000000232, null, 'Turkmenistan Time', '5', 'Asia/Ashkhabad'),
       (10000000233, null, null, '5', 'Asia/Atyrau'),
       (10000000234, 'IQ', 'Arabia Standard Time', '3', 'Asia/Baghdad'),
       (10000000235, 'BH', 'Arabia Standard Time', '3', 'Asia/Bahrain'),
       (10000000236, 'AZ', 'Azerbaijan Time', '4', 'Asia/Baku'),
       (10000000237, 'TH', 'Indochina Time', '7', 'Asia/Bangkok'),
       (10000000238, null, null, '7', 'Asia/Barnaul'),
       (10000000239, 'LB', 'Eastern European Time', '2', 'Asia/Beirut'),
       (10000000240, 'KG', 'Kirgizstan Time', '6', 'Asia/Bishkek'),
       (10000000241, 'BN', 'Brunei Time', '8', 'Asia/Brunei'),
       (10000000242, null, 'India Standard Time', '5.5', 'Asia/Calcutta'),
       (10000000243, null, null, '9', 'Asia/Chita'),
       (10000000244, null, 'Choibalsan Time', '8', 'Asia/Choibalsan'),
       (10000000245, null, 'China Standard Time', '8', 'Asia/Chongqing'),
       (10000000246, null, 'China Standard Time', '8', 'Asia/Chungking'),
       (10000000247, 'LK', 'India Standard Time', '5.5', 'Asia/Colombo'),
       (10000000248, null, 'Bangladesh Time', '6', 'Asia/Dacca'),
       (10000000249, 'SY', 'Eastern European Time', '3', 'Asia/Damascus'),
       (10000000250, 'BD', 'Bangladesh Time', '6', 'Asia/Dhaka'),
       (10000000251, 'TL', 'Timor-Leste Time', '9', 'Asia/Dili'),
       (10000000252, 'AE', 'Gulf Standard Time', '4', 'Asia/Dubai'),
       (10000000253, 'TJ', 'Tajikistan Time', '5', 'Asia/Dushanbe'),
       (10000000254, null, 'Eastern European Time', '2', 'Asia/Famagusta'),
       (10000000255, null, 'Eastern European Time', '2', 'Asia/Gaza'),
       (10000000256, null, 'China Standard Time', '8', 'Asia/Harbin'),
       (10000000257, null, null, '2', 'Asia/Hebron'),
       (10000000258, null, 'Indochina Time', '7', 'Asia/Ho_Chi_Minh'),
       (10000000259, null, 'Hong Kong Time', '8', 'Asia/Hong_Kong'),
       (10000000260, null, 'Hovd Time', '7', 'Asia/Hovd'),
       (10000000261, null, 'Irkutsk Time', '8', 'Asia/Irkutsk'),
       (10000000262, null, 'Eastern European Time', '3', 'Asia/Istanbul'),
       (10000000263, 'ID', 'West Indonesia Time', '7', 'Asia/Jakarta'),
       (10000000264, null, 'East Indonesia Time', '9', 'Asia/Jayapura'),
       (10000000265, 'PS', 'Israel Standard Time', '2', 'Asia/Jerusalem'),
       (10000000266, 'AF', 'Afghanistan Time', '4.5', 'Asia/Kabul'),
       (10000000267, null, 'Petropavlovsk-Kamchatski Time', '12', 'Asia/Kamchatka'),
       (10000000268, 'PK', 'Pakistan Time', '5', 'Asia/Karachi'),
       (10000000269, null, 'China Standard Time', '6', 'Asia/Kashgar'),
       (10000000270, 'NP', 'Nepal Time', '5.75', 'Asia/Kathmandu'),
       (10000000271, null, 'Nepal Time', '5.75', 'Asia/Katmandu'),
       (10000000272, null, null, '9', 'Asia/Khandyga'),
       (10000000273, 'IN', 'India Standard Time', '5.5', 'Asia/Kolkata'),
       (10000000274, null, 'Krasnoyarsk Time', '7', 'Asia/Krasnoyarsk'),
       (10000000275, 'MY', 'Malaysia Time', '8', 'Asia/Kuala_Lumpur'),
       (10000000276, null, 'Malaysia Time', '8', 'Asia/Kuching'),
       (10000000277, 'KW', 'Arabia Standard Time', '3', 'Asia/Kuwait'),
       (10000000278, 'MO', 'China Standard Time', '8', 'Asia/Macao'),
       (10000000279, null, 'China Standard Time', '8', 'Asia/Macau'),
       (10000000280, null, 'Magadan Time', '11', 'Asia/Magadan'),
       (10000000281, null, 'Central Indonesia Time', '8', 'Asia/Makassar'),
       (10000000282, 'PH', 'Philippines Time', '8', 'Asia/Manila'),
       (10000000283, 'OM', 'Gulf Standard Time', '4', 'Asia/Muscat'),
       (10000000284, null, 'Eastern European Time', '2', 'Asia/Nicosia'),
       (10000000285, null, 'Novosibirsk Time', '7', 'Asia/Novokuznetsk'),
       (10000000286, null, 'Novosibirsk Time', '7', 'Asia/Novosibirsk'),
       (10000000287, null, 'Omsk Time', '6', 'Asia/Omsk'),
       (10000000288, null, 'Oral Time', '5', 'Asia/Oral'),
       (10000000289, 'KH', 'Indochina Time', '7', 'Asia/Phnom_Penh'),
       (10000000290, null, 'West Indonesia Time', '7', 'Asia/Pontianak'),
       (10000000291, 'KP', 'Korea Standard Time', '9', 'Asia/Pyongyang'),
       (10000000292, 'QA', 'Arabia Standard Time', '3', 'Asia/Qatar'),
       (10000000293, null, 'Qyzylorda Time', '5', 'Asia/Qyzylorda'),
       (10000000294, 'MM', 'Myanmar Time', '6.5', 'Asia/Rangoon'),
       (10000000295, 'SA', 'Arabia Standard Time', '3', 'Asia/Riyadh'),
       (10000000296, 'VN', 'Indochina Time', '7', 'Asia/Saigon'),
       (10000000297, null, 'Sakhalin Time', '11', 'Asia/Sakhalin'),
       (10000000298, null, 'Uzbekistan Time', '5', 'Asia/Samarkand'),
       (10000000299, null, 'Korea Standard Time', '9', 'Asia/Seoul'),
       (10000000300, null, 'China Standard Time', '8', 'Asia/Shanghai'),
       (10000000301, null, 'Singapore Time', '8', 'Asia/Singapore'),
       (10000000302, null, null, '11', 'Asia/Srednekolymsk'),
       (10000000303, 'TW', 'China Standard Time', '8', 'Asia/Taipei'),
       (10000000304, 'UZ', 'Uzbekistan Time', '5', 'Asia/Tashkent'),
       (10000000305, 'GE', 'Georgia Time', '4', 'Asia/Tbilisi'),
       (10000000306, null, 'Iran Standard Time', '3.5', 'Asia/Tehran'),
       (10000000307, null, 'Israel Standard Time', '2', 'Asia/Tel_Aviv'),
       (10000000308, null, 'Bhutan Time', '6', 'Asia/Thimbu'),
       (10000000309, 'BT', 'Bhutan Time', '6', 'Asia/Thimphu'),
       (10000000310, null, 'Japan Standard Time', '9', 'Asia/Tokyo'),
       (10000000311, null, null, '7', 'Asia/Tomsk'),
       (10000000312, null, 'Central Indonesia Time', '8', 'Asia/Ujung_Pandang'),
       (10000000313, 'MN', 'Ulaanbaatar Time', '8', 'Asia/Ulaanbaatar'),
       (10000000314, null, 'Ulaanbaatar Time', '8', 'Asia/Ulan_Bator'),
       (10000000315, null, 'China Standard Time', '6', 'Asia/Urumqi'),
       (10000000316, null, null, '10', 'Asia/Ust-Nera'),
       (10000000317, 'LA', 'Indochina Time', '7', 'Asia/Vientiane'),
       (10000000318, null, 'Vladivostok Time', '10', 'Asia/Vladivostok'),
       (10000000319, null, 'Yakutsk Time', '9', 'Asia/Yakutsk'),
       (10000000320, null, null, '6.5', 'Asia/Yangon'),
       (10000000321, null, 'Yekaterinburg Time', '5', 'Asia/Yekaterinburg'),
       (10000000322, 'AM', 'Armenia Time', '4', 'Asia/Yerevan'),
       (10000000323, null, 'Azores Time', '-1', 'Atlantic/Azores'),
       (10000000324, 'BM', 'Atlantic Standard Time', '-4', 'Atlantic/Bermuda'),
       (10000000325, null, 'Western European Time', '0', 'Atlantic/Canary'),
       (10000000326, 'CV', 'Cape Verde Time', '-1', 'Atlantic/Cape_Verde'),
       (10000000327, null, 'Western European Time', '0', 'Atlantic/Faeroe'),
       (10000000328, 'FO', 'Western European Time', '0', 'Atlantic/Faroe'),
       (10000000329, null, 'Central European Time', '1', 'Atlantic/Jan_Mayen'),
       (10000000330, null, 'Western European Time', '0', 'Atlantic/Madeira'),
       (10000000331, null, 'Greenwich Mean Time', '0', 'Atlantic/Reykjavik'),
       (10000000332, 'GS', 'South Georgia Standard Time', '-2', 'Atlantic/South_Georgia'),
       (10000000333, 'SH', 'Greenwich Mean Time', '0', 'Atlantic/St_Helena'),
       (10000000334, 'FK', 'Falkland Is. Time', '-3', 'Atlantic/Stanley'),
       (10000000335, null, 'Eastern Standard Time (New South Wales)', '10', 'Australia/ACT'),
       (10000000336, null, 'Central Standard Time (South Australia)', '9.5', 'Australia/Adelaide'),
       (10000000337, null, 'Eastern Standard Time (Queensland)', '10', 'Australia/Brisbane'),
       (10000000338, null, 'Central Standard Time (South Australia)', '9.5', 'Australia/Broken_Hill'),
       (10000000339, 'AU', 'Eastern Standard Time (New South Wales)', '10', 'Australia/Canberra'),
       (10000000340, null, 'Eastern Standard Time (New South Wales)', '10', 'Australia/Currie'),
       (10000000341, null, 'Central Standard Time (Northern Territory)', '9.5', 'Australia/Darwin'),
       (10000000342, null, 'Central Western Standard Time (Australia)', '8.75', 'Australia/Eucla'),
       (10000000343, null, 'Eastern Standard Time (Tasmania)', '10', 'Australia/Hobart'),
       (10000000344, null, 'Lord Howe Standard Time', '10.5', 'Australia/LHI'),
       (10000000345, null, 'Eastern Standard Time (Queensland)', '10', 'Australia/Lindeman'),
       (10000000346, null, 'Lord Howe Standard Time', '10.5', 'Australia/Lord_Howe'),
       (10000000347, null, 'Eastern Standard Time (Victoria)', '10', 'Australia/Melbourne'),
       (10000000348, null, 'Central Standard Time (South Australia)', '9.5', 'Australia/North'),
       (10000000349, null, 'Eastern Standard Time (New South Wales)', '10', 'Australia/NSW'),
       (10000000350, null, 'Western Standard Time (Australia)', '8', 'Australia/Perth'),
       (10000000351, null, 'Eastern Standard Time (Queensland)', '10', 'Australia/Queensland'),
       (10000000352, null, 'Central Standard Time (South Australia)', '9.5', 'Australia/South'),
       (10000000353, null, 'Eastern Standard Time (New South Wales)', '10', 'Australia/Sydney'),
       (10000000354, null, 'Eastern Standard Time (New South Wales)', '10', 'Australia/Tasmania'),
       (10000000355, null, 'Eastern Standard Time (New South Wales)', '10', 'Australia/Victoria'),
       (10000000356, null, 'Western Standard Time (Australia)', '8', 'Australia/West'),
       (10000000357, null, 'Central Standard Time (South Australia/New South Wales)', '9.5', 'Australia/Yancowinna'),
       (10000000358, null, 'Amazon Time', '-5', 'Brazil/Acre'),
       (10000000359, null, 'Fernando de Noronha Time', '-2', 'Brazil/DeNoronha'),
       (10000000360, null, 'Brasilia Time', '-3', 'Brazil/East'),
       (10000000361, null, 'Amazon Time', '-4', 'Brazil/West'),
       (10000000362, null, 'Atlantic Standard Time', '-4', 'Canada/Atlantic'),
       (10000000363, null, 'Central Standard Time', '-6', 'Canada/Central'),
       (10000000364, 'CA', 'Eastern Standard Time', '-5', 'Canada/Eastern'),
       (10000000365, null, 'Mountain Standard Time', '-7', 'Canada/Mountain'),
       (10000000366, null, 'Newfoundland Standard Time', '-3.5', 'Canada/Newfoundland'),
       (10000000367, null, 'Pacific Standard Time', '-8', 'Canada/Pacific'),
       (10000000368, null, 'Central Standard Time', '-6', 'Canada/Saskatchewan'),
       (10000000369, null, 'Pacific Standard Time', '-7', 'Canada/Yukon'),
       (10000000370, null, 'Central European Time', '1', 'CET'),
       (10000000371, null, 'Chile Time', '-4', 'Chile/Continental'),
       (10000000372, null, 'Easter Is. Time', '-6', 'Chile/EasterIsland'),
       (10000000373, null, 'Central Standard Time', '-6', 'CST6CDT'),
       (10000000374, 'CU', 'Cuba Standard Time', '-5', 'Cuba'),
       (10000000375, null, 'Eastern European Time', '2', 'EET'),
       (10000000376, 'EG', 'Eastern European Time', '2', 'Egypt'),
       (10000000377, null, 'Greenwich Mean Time', '0', 'Eire'),
       (10000000378, null, 'Eastern Standard Time', '-5', 'EST5EDT'),
       (10000000379, 'NL', 'Central European Time', '1', 'Europe/Amsterdam'),
       (10000000380, 'AD', 'Central European Time', '1', 'Europe/Andorra'),
       (10000000381, null, null, '4', 'Europe/Astrakhan'),
       (10000000382, 'GR', 'Eastern European Time', '2', 'Europe/Athens'),
       (10000000383, null, 'Greenwich Mean Time', '0', 'Europe/Belfast'),
       (10000000384, 'RS', 'Central European Time', '1', 'Europe/Belgrade'),
       (10000000385, 'DE', 'Central European Time', '1', 'Europe/Berlin'),
       (10000000386, 'SK', 'Central European Time', '1', 'Europe/Bratislava'),
       (10000000387, 'BE', 'Central European Time', '1', 'Europe/Brussels'),
       (10000000388, 'RO', 'Eastern European Time', '2', 'Europe/Bucharest'),
       (10000000389, 'HU', 'Central European Time', '1', 'Europe/Budapest'),
       (10000000390, null, 'Central European Time', '1', 'Europe/Busingen'),
       (10000000391, 'MD', 'Eastern European Time', '2', 'Europe/Chisinau'),
       (10000000392, 'DK', 'Central European Time', '1', 'Europe/Copenhagen'),
       (10000000393, 'IE', 'Greenwich Mean Time', '0', 'Europe/Dublin'),
       (10000000394, 'GI', 'Central European Time', '1', 'Europe/Gibraltar'),
       (10000000395, 'GG', 'Greenwich Mean Time', '0', 'Europe/Guernsey'),
       (10000000396, 'FI', 'Eastern European Time', '2', 'Europe/Helsinki'),
       (10000000397, 'IM', 'Greenwich Mean Time', '0', 'Europe/Isle_of_Man'),
       (10000000398, null, 'Eastern European Time', '3', 'Europe/Istanbul'),
       (10000000399, 'JE', 'Greenwich Mean Time', '0', 'Europe/Jersey'),
       (10000000400, null, 'Eastern European Time', '2', 'Europe/Kaliningrad'),
       (10000000401, 'UA', 'Eastern European Time', '2', 'Europe/Kiev'),
       (10000000402, null, null, '3', 'Europe/Kirov'),
       (10000000403, null, 'Western European Time', '0', 'Europe/Lisbon'),
       (10000000404, 'SI', 'Central European Time', '1', 'Europe/Ljubljana'),
       (10000000405, null, 'Greenwich Mean Time', '0', 'Europe/London'),
       (10000000406, 'LU', 'Central European Time', '1', 'Europe/Luxembourg'),
       (10000000407, 'ES', 'Central European Time', '1', 'Europe/Madrid'),
       (10000000408, 'MT', 'Central European Time', '1', 'Europe/Malta'),
       (10000000409, 'AX', 'Eastern European Time', '2', 'Europe/Mariehamn'),
       (10000000410, 'BY', 'Eastern European Time', '3', 'Europe/Minsk'),
       (10000000411, 'MC', 'Central European Time', '1', 'Europe/Monaco'),
       (10000000412, 'RU', 'Moscow Standard Time', '3', 'Europe/Moscow'),
       (10000000413, 'CY', 'Eastern European Time', '2', 'Europe/Nicosia'),
       (10000000414, 'NO', 'Central European Time', '1', 'Europe/Oslo'),
       (10000000415, 'FR', 'Central European Time', '1', 'Europe/Paris'),
       (10000000416, 'ME', 'Central European Time', '1', 'Europe/Podgorica'),
       (10000000417, 'CZ', 'Central European Time', '1', 'Europe/Prague'),
       (10000000418, 'LV', 'Eastern European Time', '2', 'Europe/Riga'),
       (10000000419, 'IT', 'Central European Time', '1', 'Europe/Rome'),
       (10000000420, null, 'Samara Time', '4', 'Europe/Samara'),
       (10000000421, 'SM', 'Central European Time', '1', 'Europe/San_Marino'),
       (10000000422, 'BA', 'Central European Time', '1', 'Europe/Sarajevo'),
       (10000000423, null, null, '4', 'Europe/Saratov'),
       (10000000424, null, 'Eastern European Time', '3', 'Europe/Simferopol'),
       (10000000425, 'MK', 'Central European Time', '1', 'Europe/Skopje'),
       (10000000426, 'BG', 'Eastern European Time', '2', 'Europe/Sofia'),
       (10000000427, 'SE', 'Central European Time', '1', 'Europe/Stockholm'),
       (10000000428, 'EE', 'Eastern European Time', '2', 'Europe/Tallinn'),
       (10000000429, 'AL', 'Central European Time', '1', 'Europe/Tirane'),
       (10000000430, null, 'Eastern European Time', '2', 'Europe/Tiraspol'),
       (10000000431, null, null, '4', 'Europe/Ulyanovsk'),
       (10000000432, null, 'Eastern European Time', '2', 'Europe/Uzhgorod'),
       (10000000433, 'LI', 'Central European Time', '1', 'Europe/Vaduz'),
       (10000000434, 'VA', 'Central European Time', '1', 'Europe/Vatican'),
       (10000000435, 'AT', 'Central European Time', '1', 'Europe/Vienna'),
       (10000000436, 'LT', 'Eastern European Time', '2', 'Europe/Vilnius'),
       (10000000437, null, 'Volgograd Time', '3', 'Europe/Volgograd'),
       (10000000438, null, 'Central European Time', '1', 'Europe/Warsaw'),
       (10000000439, 'HR', 'Central European Time', '1', 'Europe/Zagreb'),
       (10000000440, null, 'Eastern European Time', '2', 'Europe/Zaporozhye'),
       (10000000441, 'CH', 'Central European Time', '1', 'Europe/Zurich'),
       (10000000442, 'GB', 'Greenwich Mean Time', '0', 'GB'),
       (10000000443, null, 'Greenwich Mean Time', '0', 'GB-Eire'),
       (10000000444, null, 'Greenwich Mean Time', '0', 'Greenwich'),
       (10000000445, 'HK', 'Hong Kong Time', '8', 'Hongkong'),
       (10000000446, 'IS', 'Greenwich Mean Time', '0', 'Iceland'),
       (10000000447, 'MG', 'Eastern African Time', '3', 'Indian/Antananarivo'),
       (10000000448, null, 'Indian Ocean Territory Time', '6', 'Indian/Chagos'),
       (10000000449, 'CX', 'Christmas Island Time', '7', 'Indian/Christmas'),
       (10000000450, 'CC', 'Cocos Islands Time', '6.5', 'Indian/Cocos'),
       (10000000451, 'KM', 'Eastern African Time', '3', 'Indian/Comoros'),
       (10000000452, 'TF', 'French Southern & Antarctic Lands Time', '5', 'Indian/Kerguelen'),
       (10000000453, 'SC', 'Seychelles Time', '4', 'Indian/Mahe'),
       (10000000454, 'MV', 'Maldives Time', '5', 'Indian/Maldives'),
       (10000000455, 'MU', 'Mauritius Time', '4', 'Indian/Mauritius'),
       (10000000456, 'YT', 'Eastern African Time', '3', 'Indian/Mayotte'),
       (10000000457, 'RE', 'Reunion Time', '4', 'Indian/Reunion'),
       (10000000458, 'IR', 'Iran Standard Time', '3.5', 'Iran'),
       (10000000459, 'IL', 'Israel Standard Time', '2', 'Israel'),
       (10000000460, 'JM', 'Eastern Standard Time', '-5', 'Jamaica'),
       (10000000461, 'JP', null, '9', 'Japan'),
       (10000000462, 'LY', 'Eastern European Time', '2', 'Libya'),
       (10000000463, null, 'Central European Time', '1', 'MET'),
       (10000000464, null, 'Pacific Standard Time', '-8', 'Mexico/BajaNorte'),
       (10000000465, null, 'Mountain Standard Time', '-7', 'Mexico/BajaSur'),
       (10000000466, 'MX', 'Central Standard Time', '-6', 'Mexico/General'),
       (10000000467, null, 'Mountain Standard Time', '-7', 'MST7MDT'),
       (10000000468, null, 'Mountain Standard Time', '-7', 'Navajo'),
       (10000000469, 'NZ', 'New Zealand Standard Time', '12', 'NZ'),
       (10000000470, null, 'Chatham Standard Time', '12.75', 'NZ-CHAT'),
       (10000000471, 'WS', 'West Samoa Time', '13', 'Pacific/Apia'),
       (10000000472, null, 'New Zealand Standard Time', '12', 'Pacific/Auckland'),
       (10000000473, null, null, '11', 'Pacific/Bougainville'),
       (10000000474, null, 'Chatham Standard Time', '12.75', 'Pacific/Chatham'),
       (10000000475, null, 'Chuuk Time', '10', 'Pacific/Chuuk'),
       (10000000476, null, 'Easter Is. Time', '-6', 'Pacific/Easter'),
       (10000000477, 'VU', 'Vanuatu Time', '11', 'Pacific/Efate'),
       (10000000478, null, 'Phoenix Is. Time', '13', 'Pacific/Enderbury'),
       (10000000479, 'TK', 'Tokelau Time', '13', 'Pacific/Fakaofo'),
       (10000000480, 'FJ', 'Fiji Time', '12', 'Pacific/Fiji'),
       (10000000481, 'TV', 'Tuvalu Time', '12', 'Pacific/Funafuti'),
       (10000000482, null, 'Galapagos Time', '-6', 'Pacific/Galapagos'),
       (10000000483, null, 'Gambier Time', '-9', 'Pacific/Gambier'),
       (10000000484, 'SB', 'Solomon Is. Time', '11', 'Pacific/Guadalcanal'),
       (10000000485, 'GU', 'Chamorro Standard Time', '10', 'Pacific/Guam'),
       (10000000486, null, 'Hawaii Standard Time', '-10', 'Pacific/Honolulu'),
       (10000000487, 'UM', 'Hawaii Standard Time', '-10', 'Pacific/Johnston'),
       (10000000488, null, 'Line Is. Time', '14', 'Pacific/Kiritimati'),
       (10000000489, null, 'Kosrae Time', '11', 'Pacific/Kosrae'),
       (10000000490, null, 'Marshall Islands Time', '12', 'Pacific/Kwajalein'),
       (10000000491, 'MH', 'Marshall Islands Time', '12', 'Pacific/Majuro'),
       (10000000492, null, 'Marquesas Time', '-9.5', 'Pacific/Marquesas'),
       (10000000493, null, 'Samoa Standard Time', '-11', 'Pacific/Midway'),
       (10000000494, 'NR', 'Nauru Time', '12', 'Pacific/Nauru'),
       (10000000495, 'NU', 'Niue Time', '-11', 'Pacific/Niue'),
       (10000000496, 'NF', 'Norfolk Time', '11', 'Pacific/Norfolk'),
       (10000000497, 'NC', 'New Caledonia Time', '11', 'Pacific/Noumea'),
       (10000000498, null, 'Samoa Standard Time', '-11', 'Pacific/Pago_Pago'),
       (10000000499, 'PW', 'Palau Time', '9', 'Pacific/Palau'),
       (10000000500, 'PN', 'Pitcairn Standard Time', '-8', 'Pacific/Pitcairn'),
       (10000000501, 'FM', 'Pohnpei Time', '11', 'Pacific/Pohnpei'),
       (10000000502, null, 'Pohnpei Time', '11', 'Pacific/Ponape'),
       (10000000503, 'PG', 'Papua New Guinea Time', '10', 'Pacific/Port_Moresby'),
       (10000000504, 'CK', 'Cook Is. Time', '-10', 'Pacific/Rarotonga'),
       (10000000505, 'MP', 'Chamorro Standard Time', '10', 'Pacific/Saipan'),
       (10000000506, null, 'Samoa Standard Time', '-11', 'Pacific/Samoa'),
       (10000000507, 'PF', 'Tahiti Time', '-10', 'Pacific/Tahiti'),
       (10000000508, 'KI', 'Gilbert Is. Time', '12', 'Pacific/Tarawa'),
       (10000000509, 'TO', 'Tonga Time', '13', 'Pacific/Tongatapu'),
       (10000000510, null, 'Chuuk Time', '10', 'Pacific/Truk'),
       (10000000511, null, 'Wake Time', '12', 'Pacific/Wake'),
       (10000000512, 'WF', 'Wallis & Futuna Time', '12', 'Pacific/Wallis'),
       (10000000513, null, 'Chuuk Time', '10', 'Pacific/Yap'),
       (10000000514, 'PL', 'Central European Time', '1', 'Poland'),
       (10000000515, 'PT', 'Western European Time', '0', 'Portugal'),
       (10000000516, 'CN', 'China Standard Time', '8', 'PRC'),
       (10000000517, null, 'Pacific Standard Time', '-8', 'PST8PDT'),
       (10000000518, 'KR', 'Korea Standard Time', '9', 'ROK'),
       (10000000519, 'SG', 'Singapore Time', '8', 'Singapore'),
       (10000000520, 'TR', 'Eastern European Time', '3', 'Turkeye'),
       (10000000521, null, 'Coordinated Universal Time', '0', 'UCT'),
       (10000000522, null, 'Coordinated Universal Time', '0', 'Universal'),
       (10000000523, null, 'Alaska Standard Time', '-9', 'US/Alaska'),
       (10000000524, null, 'Hawaii-Aleutian Standard Time', '-10', 'US/Aleutian'),
       (10000000525, null, 'Mountain Standard Time', '-7', 'US/Arizona'),
       (10000000526, null, 'Central Standard Time', '-6', 'US/Central'),
       (10000000527, null, 'Eastern Standard Time', '-5', 'US/Eastern'),
       (10000000528, null, 'Eastern Standard Time', '-5', 'US/East-Indiana'),
       (10000000529, null, 'Hawaii Standard Time', '-10', 'US/Hawaii'),
       (10000000530, null, 'Central Standard Time', '-6', 'US/Indiana-Starke'),
       (10000000531, null, 'Eastern Standard Time', '-5', 'US/Michigan'),
       (10000000532, null, 'Mountain Standard Time', '-7', 'US/Mountain'),
       (10000000533, 'US', 'Pacific Standard Time', '-8', 'US/Pacific'),
       (10000000534, null, 'Pacific Standard Time', '-8', 'US/Pacific-New'),
       (10000000535, 'AS', 'Samoa Standard Time', '-11', 'US/Samoa'),
       (10000000536, null, 'Coordinated Universal Time', '0', 'UTC'),
       (10000000537, null, 'Western European Time', '0', 'WET'),
       (10000000538, null, 'Moscow Standard Time', '3', 'W-SU'),
       (10000000539, null, 'Coordinated Universal Time', '0', 'Zulu');
